--
-- File generated with SQLiteStudio v3.4.4 on Thu Nov 30 15:32:07 2023
--
-- Text encoding used: System
--
PRAGMA foreign_keys = off;
BEGIN TRANSACTION;

-- Table: BillingAddress
CREATE TABLE IF NOT EXISTS BillingAddress (BillingAddressID INT PRIMARY KEY UNIQUE NOT NULL, StreetAddress VARCHAR (50), City VARCHAR (50), County VARCHAR (9), PostCode VARCHAR (50), Country VARCHAR (50), CustomerID INT REFERENCES Customer (CustomerID));
INSERT INTO BillingAddress (BillingAddressID, StreetAddress, City, County, PostCode, Country, CustomerID) VALUES (1, '95065 Grasskamp Avenue', 'Choibalsan', 'Cork', NULL, 'Mongolia', 1);
INSERT INTO BillingAddress (BillingAddressID, StreetAddress, City, County, PostCode, Country, CustomerID) VALUES (2, '5348 Morrow Park', 'São Roque', 'Dublin', '18130-000', 'Brazil', 2);
INSERT INTO BillingAddress (BillingAddressID, StreetAddress, City, County, PostCode, Country, CustomerID) VALUES (3, '13 Almo Street', 'Novotitarovskaya', 'Dublin', '353210', 'Russia', 3);
INSERT INTO BillingAddress (BillingAddressID, StreetAddress, City, County, PostCode, Country, CustomerID) VALUES (4, '1 Brickson Park Pass', 'Bangad', 'Dublin', '3100', 'Philippines', 4);
INSERT INTO BillingAddress (BillingAddressID, StreetAddress, City, County, PostCode, Country, CustomerID) VALUES (5, '7 Lakewood Gardens Alley', 'Göteborg', 'Waterford', '411 31', 'Sweden', 5);
INSERT INTO BillingAddress (BillingAddressID, StreetAddress, City, County, PostCode, Country, CustomerID) VALUES (6, '68 Hintze Court', 'Ban Na', 'Kerry', '26110', 'Thailand', 6);
INSERT INTO BillingAddress (BillingAddressID, StreetAddress, City, County, PostCode, Country, CustomerID) VALUES (7, '1368 Clarendon Lane', 'Khyzy', 'Cork', NULL, 'Azerbaijan', 7);
INSERT INTO BillingAddress (BillingAddressID, StreetAddress, City, County, PostCode, Country, CustomerID) VALUES (8, '2 Luster Parkway', 'Rozkishne', 'Dublin', NULL, 'Ukraine', 8);
INSERT INTO BillingAddress (BillingAddressID, StreetAddress, City, County, PostCode, Country, CustomerID) VALUES (9, '43 Coleman Park', 'São Sebastião do Caí', 'Wicklow', '95760-000', 'Brazil', 9);
INSERT INTO BillingAddress (BillingAddressID, StreetAddress, City, County, PostCode, Country, CustomerID) VALUES (10, '933 Forest Pass', 'Likiep', 'Galway', '96960', 'Marshall Islands', 10);
INSERT INTO BillingAddress (BillingAddressID, StreetAddress, City, County, PostCode, Country, CustomerID) VALUES (11, '49 Dovetail Trail', 'Al Madan', 'Galway', NULL, 'Yemen', 11);
INSERT INTO BillingAddress (BillingAddressID, StreetAddress, City, County, PostCode, Country, CustomerID) VALUES (12, '09571 Roth Court', 'Boshof', 'Galway', '8340', 'South Africa', 12);
INSERT INTO BillingAddress (BillingAddressID, StreetAddress, City, County, PostCode, Country, CustomerID) VALUES (13, '5 Jana Street', 'Gouqi', 'Waterford', NULL, 'China', 13);
INSERT INTO BillingAddress (BillingAddressID, StreetAddress, City, County, PostCode, Country, CustomerID) VALUES (14, '7716 Glacier Hill Street', 'Sanligang', 'Kerry', NULL, 'China', 14);
INSERT INTO BillingAddress (BillingAddressID, StreetAddress, City, County, PostCode, Country, CustomerID) VALUES (15, '2 7th Place', 'Tamano', 'Waterford', '976-0154', 'Japan', 15);
INSERT INTO BillingAddress (BillingAddressID, StreetAddress, City, County, PostCode, Country, CustomerID) VALUES (16, '7 Roxbury Place', 'Stockholm', 'Wicklow', '103 22', 'Sweden', 16);
INSERT INTO BillingAddress (BillingAddressID, StreetAddress, City, County, PostCode, Country, CustomerID) VALUES (17, '27 Carioca Place', 'Mombaça', 'Waterford', '63610-000', 'Brazil', 17);
INSERT INTO BillingAddress (BillingAddressID, StreetAddress, City, County, PostCode, Country, CustomerID) VALUES (18, '05852 Helena Crossing', 'Lutou', 'Dublin', NULL, 'China', 18);
INSERT INTO BillingAddress (BillingAddressID, StreetAddress, City, County, PostCode, Country, CustomerID) VALUES (19, '5 Gulseth Park', 'Somié', 'Kerry', NULL, 'Cameroon', 19);
INSERT INTO BillingAddress (BillingAddressID, StreetAddress, City, County, PostCode, Country, CustomerID) VALUES (20, '77205 Superior Terrace', 'Constanza', 'Waterford', '10802', 'Dominican Republic', 20);
INSERT INTO BillingAddress (BillingAddressID, StreetAddress, City, County, PostCode, Country, CustomerID) VALUES (21, '1 Chinook Crossing', 'Sande São Martinho', 'Dublin', '4805-505', 'Portugal', 21);
INSERT INTO BillingAddress (BillingAddressID, StreetAddress, City, County, PostCode, Country, CustomerID) VALUES (22, '9 Annamark Way', 'København', 'Wicklow', '1068', 'Denmark', 22);
INSERT INTO BillingAddress (BillingAddressID, StreetAddress, City, County, PostCode, Country, CustomerID) VALUES (23, '4443 Bayside Plaza', 'Fenais da Luz', 'Waterford', '9545-214', 'Portugal', 23);
INSERT INTO BillingAddress (BillingAddressID, StreetAddress, City, County, PostCode, Country, CustomerID) VALUES (24, '867 Hovde Trail', 'Kitwe', 'Galway', NULL, 'Zambia', 24);
INSERT INTO BillingAddress (BillingAddressID, StreetAddress, City, County, PostCode, Country, CustomerID) VALUES (25, '518 High Crossing Avenue', 'Wanquan', 'Cork', NULL, 'China', 25);
INSERT INTO BillingAddress (BillingAddressID, StreetAddress, City, County, PostCode, Country, CustomerID) VALUES (26, '8998 Hollow Ridge Lane', 'Kuje', 'Galway', NULL, 'Nigeria', 26);
INSERT INTO BillingAddress (BillingAddressID, StreetAddress, City, County, PostCode, Country, CustomerID) VALUES (27, '6 Fairview Place', 'Verkhniye Achaluki', 'Waterford', '386338', 'Russia', 27);
INSERT INTO BillingAddress (BillingAddressID, StreetAddress, City, County, PostCode, Country, CustomerID) VALUES (28, '314 Namekagon Junction', 'Ochota', 'Dublin', '05-090', 'Poland', 28);
INSERT INTO BillingAddress (BillingAddressID, StreetAddress, City, County, PostCode, Country, CustomerID) VALUES (29, '563 Reindahl Court', 'Dante Delgado', 'Wicklow', '96710', 'Mexico', 29);
INSERT INTO BillingAddress (BillingAddressID, StreetAddress, City, County, PostCode, Country, CustomerID) VALUES (30, '7 Pankratz Place', 'Garwolin', 'Waterford', '08-400', 'Poland', 30);
INSERT INTO BillingAddress (BillingAddressID, StreetAddress, City, County, PostCode, Country, CustomerID) VALUES (31, '5 Charing Cross Hill', 'Tongxing', 'Dublin', NULL, 'China', 31);
INSERT INTO BillingAddress (BillingAddressID, StreetAddress, City, County, PostCode, Country, CustomerID) VALUES (32, '90250 Huxley Street', 'Bayt ‘Inun', 'Waterford', NULL, 'Palestinian Territory', 32);
INSERT INTO BillingAddress (BillingAddressID, StreetAddress, City, County, PostCode, Country, CustomerID) VALUES (33, '2 Bayside Avenue', 'Primorskiy', 'Dublin', '692769', 'Russia', 33);
INSERT INTO BillingAddress (BillingAddressID, StreetAddress, City, County, PostCode, Country, CustomerID) VALUES (34, '1293 Rigney Terrace', 'Guanambi', 'Galway', '46430-000', 'Brazil', 34);
INSERT INTO BillingAddress (BillingAddressID, StreetAddress, City, County, PostCode, Country, CustomerID) VALUES (35, '3906 Corry Junction', 'Sattahip', 'Kerry', '20180', 'Thailand', 35);
INSERT INTO BillingAddress (BillingAddressID, StreetAddress, City, County, PostCode, Country, CustomerID) VALUES (36, '8 Manitowish Park', 'Davyd-Haradok', 'Galway', NULL, 'Belarus', 36);
INSERT INTO BillingAddress (BillingAddressID, StreetAddress, City, County, PostCode, Country, CustomerID) VALUES (37, '2118 Jenifer Pass', 'Vredefort', 'Galway', '9595', 'South Africa', 37);
INSERT INTO BillingAddress (BillingAddressID, StreetAddress, City, County, PostCode, Country, CustomerID) VALUES (38, '3 Drewry Plaza', 'Tangquan', 'Waterford', NULL, 'China', 38);
INSERT INTO BillingAddress (BillingAddressID, StreetAddress, City, County, PostCode, Country, CustomerID) VALUES (39, '399 Sage Drive', 'Fengyi', 'Galway', NULL, 'China', 39);
INSERT INTO BillingAddress (BillingAddressID, StreetAddress, City, County, PostCode, Country, CustomerID) VALUES (40, '869 Gina Lane', 'Solna', 'Cork', '170 66', 'Sweden', 40);
INSERT INTO BillingAddress (BillingAddressID, StreetAddress, City, County, PostCode, Country, CustomerID) VALUES (41, '0 Stephen Parkway', 'Cabañas', 'Waterford', '19018', 'Guatemala', 41);
INSERT INTO BillingAddress (BillingAddressID, StreetAddress, City, County, PostCode, Country, CustomerID) VALUES (42, '16329 Roxbury Circle', 'Hoogeveen', 'Dublin', '7909', 'Netherlands', 42);
INSERT INTO BillingAddress (BillingAddressID, StreetAddress, City, County, PostCode, Country, CustomerID) VALUES (43, '7 Quincy Court', 'Komiža', 'Galway', '21485', 'Croatia', 43);
INSERT INTO BillingAddress (BillingAddressID, StreetAddress, City, County, PostCode, Country, CustomerID) VALUES (44, '50 Jenna Street', 'Couva', 'Cork', NULL, 'Trinidad and Tobago', 44);
INSERT INTO BillingAddress (BillingAddressID, StreetAddress, City, County, PostCode, Country, CustomerID) VALUES (45, '227 Parkside Court', 'La Rochelle', 'Waterford', '17024 CEDEX 1', 'France', 45);
INSERT INTO BillingAddress (BillingAddressID, StreetAddress, City, County, PostCode, Country, CustomerID) VALUES (46, '52 East Parkway', 'Vilela', 'Kerry', '4580-634', 'Portugal', 46);
INSERT INTO BillingAddress (BillingAddressID, StreetAddress, City, County, PostCode, Country, CustomerID) VALUES (47, '57 Browning Circle', 'Mungkin', 'Galway', NULL, 'Indonesia', 47);
INSERT INTO BillingAddress (BillingAddressID, StreetAddress, City, County, PostCode, Country, CustomerID) VALUES (48, '595 Mariners Cove Crossing', 'Prado', 'Galway', '4625-361', 'Portugal', 48);
INSERT INTO BillingAddress (BillingAddressID, StreetAddress, City, County, PostCode, Country, CustomerID) VALUES (49, '3 Monica Junction', 'San Salvador', 'Wicklow', NULL, 'El Salvador', 49);
INSERT INTO BillingAddress (BillingAddressID, StreetAddress, City, County, PostCode, Country, CustomerID) VALUES (50, '523 Macpherson Court', 'Moyale', 'Galway', NULL, 'Kenya', 50);
INSERT INTO BillingAddress (BillingAddressID, StreetAddress, City, County, PostCode, Country, CustomerID) VALUES (51, '702 Erie Terrace', 'Nelson', 'Waterford', '7045', 'New Zealand', 51);
INSERT INTO BillingAddress (BillingAddressID, StreetAddress, City, County, PostCode, Country, CustomerID) VALUES (52, '92664 Mallory Trail', 'Las Flores', 'Waterford', '95096', 'Mexico', 52);
INSERT INTO BillingAddress (BillingAddressID, StreetAddress, City, County, PostCode, Country, CustomerID) VALUES (53, '943 Lunder Parkway', 'Medianeira', 'Kerry', '85884-000', 'Brazil', 53);
INSERT INTO BillingAddress (BillingAddressID, StreetAddress, City, County, PostCode, Country, CustomerID) VALUES (54, '1362 Michigan Parkway', 'Mawa', 'Wicklow', NULL, 'Indonesia', 54);
INSERT INTO BillingAddress (BillingAddressID, StreetAddress, City, County, PostCode, Country, CustomerID) VALUES (55, '6317 Talmadge Parkway', 'Stavanger', 'Galway', '4025', 'Norway', 55);
INSERT INTO BillingAddress (BillingAddressID, StreetAddress, City, County, PostCode, Country, CustomerID) VALUES (56, '8337 Morningstar Hill', 'Dawu Chengguanzhen', 'Dublin', NULL, 'China', 56);
INSERT INTO BillingAddress (BillingAddressID, StreetAddress, City, County, PostCode, Country, CustomerID) VALUES (57, '06913 Spenser Plaza', 'Ilinden', 'Waterford', '1041', 'Macedonia', 57);
INSERT INTO BillingAddress (BillingAddressID, StreetAddress, City, County, PostCode, Country, CustomerID) VALUES (58, '5602 Aberg Crossing', 'Wadung', 'Waterford', NULL, 'Indonesia', 58);
INSERT INTO BillingAddress (BillingAddressID, StreetAddress, City, County, PostCode, Country, CustomerID) VALUES (59, '05 Dawn Court', 'Buta Ranquil', 'Dublin', '8353', 'Argentina', 59);
INSERT INTO BillingAddress (BillingAddressID, StreetAddress, City, County, PostCode, Country, CustomerID) VALUES (60, '6 David Hill', 'Yirshi', 'Dublin', NULL, 'China', 60);
INSERT INTO BillingAddress (BillingAddressID, StreetAddress, City, County, PostCode, Country, CustomerID) VALUES (61, '6710 Sloan Point', 'Sundbyberg', 'Galway', '172 23', 'Sweden', 61);
INSERT INTO BillingAddress (BillingAddressID, StreetAddress, City, County, PostCode, Country, CustomerID) VALUES (62, '79 Fair Oaks Lane', 'Dabrowa', 'Kerry', '88-306', 'Poland', 62);
INSERT INTO BillingAddress (BillingAddressID, StreetAddress, City, County, PostCode, Country, CustomerID) VALUES (63, '10 Merrick Place', 'Chornukhy', 'Kerry', NULL, 'Ukraine', 63);
INSERT INTO BillingAddress (BillingAddressID, StreetAddress, City, County, PostCode, Country, CustomerID) VALUES (64, '3 Texas Place', 'Rajshahi', 'Cork', '6100', 'Bangladesh', 64);
INSERT INTO BillingAddress (BillingAddressID, StreetAddress, City, County, PostCode, Country, CustomerID) VALUES (65, '37 Pine View Center', 'Rudolfov', 'Kerry', '373 71', 'Czech Republic', 65);
INSERT INTO BillingAddress (BillingAddressID, StreetAddress, City, County, PostCode, Country, CustomerID) VALUES (66, '50 Lake View Parkway', 'Nan’ao', 'Wicklow', NULL, 'China', 66);
INSERT INTO BillingAddress (BillingAddressID, StreetAddress, City, County, PostCode, Country, CustomerID) VALUES (67, '9 Charing Cross Court', 'Mutoko', 'Dublin', NULL, 'Zimbabwe', 67);
INSERT INTO BillingAddress (BillingAddressID, StreetAddress, City, County, PostCode, Country, CustomerID) VALUES (68, '65 Becker Circle', 'Saijo', 'Waterford', '793-0213', 'Japan', 68);
INSERT INTO BillingAddress (BillingAddressID, StreetAddress, City, County, PostCode, Country, CustomerID) VALUES (69, '26725 Bellgrove Plaza', 'Horred', 'Wicklow', '519 81', 'Sweden', 69);
INSERT INTO BillingAddress (BillingAddressID, StreetAddress, City, County, PostCode, Country, CustomerID) VALUES (70, '46527 Muir Street', 'Biguo', 'Kerry', NULL, 'China', 70);
INSERT INTO BillingAddress (BillingAddressID, StreetAddress, City, County, PostCode, Country, CustomerID) VALUES (71, '49 Fisk Lane', 'As Sulayyil', 'Wicklow', NULL, 'Saudi Arabia', 71);
INSERT INTO BillingAddress (BillingAddressID, StreetAddress, City, County, PostCode, Country, CustomerID) VALUES (72, '18 Manufacturers Street', 'Puerto Maldonado', 'Kerry', NULL, 'Peru', 72);
INSERT INTO BillingAddress (BillingAddressID, StreetAddress, City, County, PostCode, Country, CustomerID) VALUES (73, '280 Southridge Crossing', 'Anastácio', 'Galway', '79210-000', 'Brazil', 73);
INSERT INTO BillingAddress (BillingAddressID, StreetAddress, City, County, PostCode, Country, CustomerID) VALUES (74, '484 Annamark Street', 'Severomorsk', 'Cork', '445564', 'Russia', 74);
INSERT INTO BillingAddress (BillingAddressID, StreetAddress, City, County, PostCode, Country, CustomerID) VALUES (75, '1 Blaine Trail', 'Charlotte', 'Cork', '28299', 'United States', 75);
INSERT INTO BillingAddress (BillingAddressID, StreetAddress, City, County, PostCode, Country, CustomerID) VALUES (76, '524 Sheridan Crossing', 'Hwawon', 'Kerry', NULL, 'South Korea', 76);
INSERT INTO BillingAddress (BillingAddressID, StreetAddress, City, County, PostCode, Country, CustomerID) VALUES (77, '9 Magdeline Parkway', 'Verenchanka', 'Cork', NULL, 'Ukraine', 77);
INSERT INTO BillingAddress (BillingAddressID, StreetAddress, City, County, PostCode, Country, CustomerID) VALUES (78, '43 Crescent Oaks Place', 'Ntonggu', 'Wicklow', NULL, 'Indonesia', 78);
INSERT INTO BillingAddress (BillingAddressID, StreetAddress, City, County, PostCode, Country, CustomerID) VALUES (79, '348 School Parkway', 'Santa Maria', 'Cork', '8011', 'Philippines', 79);
INSERT INTO BillingAddress (BillingAddressID, StreetAddress, City, County, PostCode, Country, CustomerID) VALUES (80, '47059 Drewry Street', 'Jatirogo', 'Galway', NULL, 'Indonesia', 80);
INSERT INTO BillingAddress (BillingAddressID, StreetAddress, City, County, PostCode, Country, CustomerID) VALUES (81, '26 Colorado Pass', 'Xujiafang', 'Galway', NULL, 'China', 81);
INSERT INTO BillingAddress (BillingAddressID, StreetAddress, City, County, PostCode, Country, CustomerID) VALUES (82, '8 Bonner Center', 'Luuka Town', 'Dublin', NULL, 'Uganda', 82);
INSERT INTO BillingAddress (BillingAddressID, StreetAddress, City, County, PostCode, Country, CustomerID) VALUES (83, '7 Maryland Crossing', 'Mikhaylov', 'Wicklow', '391710', 'Russia', 83);
INSERT INTO BillingAddress (BillingAddressID, StreetAddress, City, County, PostCode, Country, CustomerID) VALUES (84, '1963 Lukken Drive', 'Amiens', 'Wicklow', '80042 CEDEX 1', 'France', 84);
INSERT INTO BillingAddress (BillingAddressID, StreetAddress, City, County, PostCode, Country, CustomerID) VALUES (85, '34 Westridge Pass', 'Wanmao', 'Galway', NULL, 'China', 85);
INSERT INTO BillingAddress (BillingAddressID, StreetAddress, City, County, PostCode, Country, CustomerID) VALUES (86, '9 Nova Point', 'Baclayon', 'Dublin', '6301', 'Philippines', 86);
INSERT INTO BillingAddress (BillingAddressID, StreetAddress, City, County, PostCode, Country, CustomerID) VALUES (87, '7619 Cascade Alley', 'Banyo', 'Galway', NULL, 'Cameroon', 87);
INSERT INTO BillingAddress (BillingAddressID, StreetAddress, City, County, PostCode, Country, CustomerID) VALUES (88, '070 Logan Hill', 'Casa Nova', 'Dublin', '4730-040', 'Portugal', 88);
INSERT INTO BillingAddress (BillingAddressID, StreetAddress, City, County, PostCode, Country, CustomerID) VALUES (89, '2014 Jenna Avenue', 'Dangmu', 'Cork', NULL, 'China', 89);
INSERT INTO BillingAddress (BillingAddressID, StreetAddress, City, County, PostCode, Country, CustomerID) VALUES (90, '56 Scofield Park', 'Xiaowuzhan', 'Cork', NULL, 'China', 90);
INSERT INTO BillingAddress (BillingAddressID, StreetAddress, City, County, PostCode, Country, CustomerID) VALUES (91, '04476 Mesta Circle', 'Santa María de Caparo', 'Cork', NULL, 'Venezuela', 91);
INSERT INTO BillingAddress (BillingAddressID, StreetAddress, City, County, PostCode, Country, CustomerID) VALUES (92, '719 Maywood Alley', 'Jistebnice', 'Cork', '391 33', 'Czech Republic', 92);
INSERT INTO BillingAddress (BillingAddressID, StreetAddress, City, County, PostCode, Country, CustomerID) VALUES (93, '31 Shoshone Center', 'Labytnangi', 'Galway', '629405', 'Russia', 93);
INSERT INTO BillingAddress (BillingAddressID, StreetAddress, City, County, PostCode, Country, CustomerID) VALUES (94, '0223 Golf View Road', 'Huagai', 'Dublin', NULL, 'China', 94);
INSERT INTO BillingAddress (BillingAddressID, StreetAddress, City, County, PostCode, Country, CustomerID) VALUES (95, '69 East Circle', 'Noyal-sur-Vilaine', 'Kerry', '35538 CEDEX', 'France', 95);
INSERT INTO BillingAddress (BillingAddressID, StreetAddress, City, County, PostCode, Country, CustomerID) VALUES (96, '45074 Meadow Valley Circle', 'Las Junturas', 'Wicklow', '5965', 'Argentina', 96);
INSERT INTO BillingAddress (BillingAddressID, StreetAddress, City, County, PostCode, Country, CustomerID) VALUES (97, '12498 Rigney Drive', 'Almaznyy', 'Wicklow', '678181', 'Russia', 97);
INSERT INTO BillingAddress (BillingAddressID, StreetAddress, City, County, PostCode, Country, CustomerID) VALUES (98, '90873 Fairfield Point', 'Harbin', 'Kerry', NULL, 'China', 98);
INSERT INTO BillingAddress (BillingAddressID, StreetAddress, City, County, PostCode, Country, CustomerID) VALUES (99, '52032 Kingsford Alley', 'Kuršumlija', 'Galway', NULL, 'Serbia', 99);
INSERT INTO BillingAddress (BillingAddressID, StreetAddress, City, County, PostCode, Country, CustomerID) VALUES (100, '8 Tomscot Way', 'Ban Phai', 'Dublin', '40110', 'Thailand', 100);

-- Table: Customer
CREATE TABLE IF NOT EXISTS Customer (CustomerID INTEGER PRIMARY KEY AUTOINCREMENT UNIQUE NOT NULL, CustFirstName VARCHAR (50), CustLastName VARCHAR (50), CustPhoneNumber VARCHAR (50), CustEmailAddress VARCHAR (50));
INSERT INTO Customer (CustomerID, CustFirstName, CustLastName, CustPhoneNumber, CustEmailAddress) VALUES (1, 'Bette', 'Hauxwell', '202-514-4004', 'bhauxwell0@multiply.com');
INSERT INTO Customer (CustomerID, CustFirstName, CustLastName, CustPhoneNumber, CustEmailAddress) VALUES (2, 'Coriss', 'Manie', '729-347-4632', 'cmanie1@google.co.jp');
INSERT INTO Customer (CustomerID, CustFirstName, CustLastName, CustPhoneNumber, CustEmailAddress) VALUES (3, 'Harlene', 'Sporner', '505-676-7283', 'hsporner2@engadget.com');
INSERT INTO Customer (CustomerID, CustFirstName, CustLastName, CustPhoneNumber, CustEmailAddress) VALUES (4, 'Tad', 'Jewett', '188-914-4543', 'tjewett3@fastcompany.com');
INSERT INTO Customer (CustomerID, CustFirstName, CustLastName, CustPhoneNumber, CustEmailAddress) VALUES (5, 'Konstantin', 'McOrkill', '989-802-0161', 'kmcorkill4@bing.com');
INSERT INTO Customer (CustomerID, CustFirstName, CustLastName, CustPhoneNumber, CustEmailAddress) VALUES (6, 'Rowan', 'Agglio', '831-560-1596', 'ragglio5@posterous.com');
INSERT INTO Customer (CustomerID, CustFirstName, CustLastName, CustPhoneNumber, CustEmailAddress) VALUES (7, 'Raynard', 'Byres', '800-934-3164', 'rbyres6@hp.com');
INSERT INTO Customer (CustomerID, CustFirstName, CustLastName, CustPhoneNumber, CustEmailAddress) VALUES (8, 'Mehetabel', 'Chesters', '915-173-2151', 'mchesters7@nationalgeographic.com');
INSERT INTO Customer (CustomerID, CustFirstName, CustLastName, CustPhoneNumber, CustEmailAddress) VALUES (9, 'Hallie', 'McCroft', '660-333-2698', 'hmccroft8@mayoclinic.com');
INSERT INTO Customer (CustomerID, CustFirstName, CustLastName, CustPhoneNumber, CustEmailAddress) VALUES (10, 'Angelico', 'Vaux', '494-222-2033', 'avaux9@youtube.com');
INSERT INTO Customer (CustomerID, CustFirstName, CustLastName, CustPhoneNumber, CustEmailAddress) VALUES (11, 'Creigh', 'Mattingson', '810-423-9740', 'cmattingsona@cdbaby.com');
INSERT INTO Customer (CustomerID, CustFirstName, CustLastName, CustPhoneNumber, CustEmailAddress) VALUES (12, 'Sacha', 'Petrolli', '945-298-1932', 'spetrollib@cafepress.com');
INSERT INTO Customer (CustomerID, CustFirstName, CustLastName, CustPhoneNumber, CustEmailAddress) VALUES (13, 'Ilka', 'Wippermann', '212-869-9119', 'iwippermannc@huffingtonpost.com');
INSERT INTO Customer (CustomerID, CustFirstName, CustLastName, CustPhoneNumber, CustEmailAddress) VALUES (14, 'Helga', 'Dyka', '741-428-8345', 'hdykad@sfgate.com');
INSERT INTO Customer (CustomerID, CustFirstName, CustLastName, CustPhoneNumber, CustEmailAddress) VALUES (15, 'Davey', 'Akaster', '976-944-8208', 'dakastere@marriott.com');
INSERT INTO Customer (CustomerID, CustFirstName, CustLastName, CustPhoneNumber, CustEmailAddress) VALUES (16, 'Cletis', 'Mullender', '207-726-5741', 'cmullenderf@hc360.com');
INSERT INTO Customer (CustomerID, CustFirstName, CustLastName, CustPhoneNumber, CustEmailAddress) VALUES (17, 'Dian', 'Caesmans', '601-228-3528', 'dcaesmansg@theglobeandmail.com');
INSERT INTO Customer (CustomerID, CustFirstName, CustLastName, CustPhoneNumber, CustEmailAddress) VALUES (18, 'Estevan', 'Alten', '827-262-8484', 'ealtenh@dyndns.org');
INSERT INTO Customer (CustomerID, CustFirstName, CustLastName, CustPhoneNumber, CustEmailAddress) VALUES (19, 'Cathyleen', 'Ferie', '829-826-6977', 'cferiei@goodreads.com');
INSERT INTO Customer (CustomerID, CustFirstName, CustLastName, CustPhoneNumber, CustEmailAddress) VALUES (20, 'Ellette', 'Malenfant', '835-559-7987', 'emalenfantj@myspace.com');
INSERT INTO Customer (CustomerID, CustFirstName, CustLastName, CustPhoneNumber, CustEmailAddress) VALUES (21, 'Vere', 'MacAdam', '401-851-0706', 'vmacadamk@foxnews.com');
INSERT INTO Customer (CustomerID, CustFirstName, CustLastName, CustPhoneNumber, CustEmailAddress) VALUES (22, 'Lib', 'Dudman', '693-928-0801', 'ldudmanl@foxnews.com');
INSERT INTO Customer (CustomerID, CustFirstName, CustLastName, CustPhoneNumber, CustEmailAddress) VALUES (23, 'Briant', 'Itzcovichch', '637-188-3241', 'bitzcovichchm@dedecms.com');
INSERT INTO Customer (CustomerID, CustFirstName, CustLastName, CustPhoneNumber, CustEmailAddress) VALUES (24, 'Daria', 'Shortcliffe', '210-387-9159', 'dshortcliffen@unblog.fr');
INSERT INTO Customer (CustomerID, CustFirstName, CustLastName, CustPhoneNumber, CustEmailAddress) VALUES (25, 'Niel', 'Turvie', '472-111-5239', 'nturvieo@a8.net');
INSERT INTO Customer (CustomerID, CustFirstName, CustLastName, CustPhoneNumber, CustEmailAddress) VALUES (26, 'Boonie', 'Cove', '310-369-6883', 'bcovep@sourceforge.net');
INSERT INTO Customer (CustomerID, CustFirstName, CustLastName, CustPhoneNumber, CustEmailAddress) VALUES (27, 'Arty', 'Dumbellow', '946-809-8225', 'adumbellowq@constantcontact.com');
INSERT INTO Customer (CustomerID, CustFirstName, CustLastName, CustPhoneNumber, CustEmailAddress) VALUES (28, 'Wendall', 'Zelley', '933-996-7540', 'wzelleyr@mediafire.com');
INSERT INTO Customer (CustomerID, CustFirstName, CustLastName, CustPhoneNumber, CustEmailAddress) VALUES (29, 'Electra', 'Odhams', '790-349-8919', 'eodhamss@paypal.com');
INSERT INTO Customer (CustomerID, CustFirstName, CustLastName, CustPhoneNumber, CustEmailAddress) VALUES (30, 'Ham', 'Olney', '675-264-3718', 'holneyt@qq.com');
INSERT INTO Customer (CustomerID, CustFirstName, CustLastName, CustPhoneNumber, CustEmailAddress) VALUES (31, 'Stavros', 'Boaler', '140-489-2683', 'sboaleru@netlog.com');
INSERT INTO Customer (CustomerID, CustFirstName, CustLastName, CustPhoneNumber, CustEmailAddress) VALUES (32, 'Dane', 'Johnstone', '646-540-6969', 'djohnstonev@tiny.cc');
INSERT INTO Customer (CustomerID, CustFirstName, CustLastName, CustPhoneNumber, CustEmailAddress) VALUES (33, 'Patti', 'Shackell', '829-567-3636', 'pshackellw@amazon.com');
INSERT INTO Customer (CustomerID, CustFirstName, CustLastName, CustPhoneNumber, CustEmailAddress) VALUES (34, 'Ransell', 'Clemens', '438-615-2898', 'rclemensx@hibu.com');
INSERT INTO Customer (CustomerID, CustFirstName, CustLastName, CustPhoneNumber, CustEmailAddress) VALUES (35, 'Shurlock', 'Dingate', '158-405-1383', 'sdingatey@ucla.edu');
INSERT INTO Customer (CustomerID, CustFirstName, CustLastName, CustPhoneNumber, CustEmailAddress) VALUES (36, 'Georas', 'Grigoroni', '238-529-0922', 'ggrigoroniz@nyu.edu');
INSERT INTO Customer (CustomerID, CustFirstName, CustLastName, CustPhoneNumber, CustEmailAddress) VALUES (37, 'Charlena', 'Shedden', '365-417-2797', 'cshedden10@list-manage.com');
INSERT INTO Customer (CustomerID, CustFirstName, CustLastName, CustPhoneNumber, CustEmailAddress) VALUES (38, 'Prissie', 'Bezarra', '853-261-1874', 'pbezarra11@nyu.edu');
INSERT INTO Customer (CustomerID, CustFirstName, CustLastName, CustPhoneNumber, CustEmailAddress) VALUES (39, 'Karry', 'Sarjant', '370-286-7661', 'ksarjant12@theglobeandmail.com');
INSERT INTO Customer (CustomerID, CustFirstName, CustLastName, CustPhoneNumber, CustEmailAddress) VALUES (40, 'Jarrid', 'Fonzo', '217-868-1132', 'jfonzo13@mysql.com');
INSERT INTO Customer (CustomerID, CustFirstName, CustLastName, CustPhoneNumber, CustEmailAddress) VALUES (41, 'Ada', 'Dwelly', '415-470-5003', 'adwelly14@businesswire.com');
INSERT INTO Customer (CustomerID, CustFirstName, CustLastName, CustPhoneNumber, CustEmailAddress) VALUES (42, 'Granny', 'Postlethwaite', '175-173-5374', 'gpostlethwaite15@aboutads.info');
INSERT INTO Customer (CustomerID, CustFirstName, CustLastName, CustPhoneNumber, CustEmailAddress) VALUES (43, 'Tarrah', 'Ziehm', '253-305-9729', 'tziehm16@jugem.jp');
INSERT INTO Customer (CustomerID, CustFirstName, CustLastName, CustPhoneNumber, CustEmailAddress) VALUES (44, 'Carny', 'Debenham', '977-474-3627', 'cdebenham17@xrea.com');
INSERT INTO Customer (CustomerID, CustFirstName, CustLastName, CustPhoneNumber, CustEmailAddress) VALUES (45, 'Tallou', 'Sommersett', '554-121-2414', 'tsommersett18@twitpic.com');
INSERT INTO Customer (CustomerID, CustFirstName, CustLastName, CustPhoneNumber, CustEmailAddress) VALUES (46, 'Basilius', 'Ingleton', '201-760-8155', 'bingleton19@simplemachines.org');
INSERT INTO Customer (CustomerID, CustFirstName, CustLastName, CustPhoneNumber, CustEmailAddress) VALUES (47, 'Correna', 'Gore', '465-824-6323', 'cgore1a@indiatimes.com');
INSERT INTO Customer (CustomerID, CustFirstName, CustLastName, CustPhoneNumber, CustEmailAddress) VALUES (48, 'Francisca', 'Kix', '622-156-2620', 'fkix1b@earthlink.net');
INSERT INTO Customer (CustomerID, CustFirstName, CustLastName, CustPhoneNumber, CustEmailAddress) VALUES (49, 'Garv', 'Kolczynski', '553-535-9136', 'gkolczynski1c@ted.com');
INSERT INTO Customer (CustomerID, CustFirstName, CustLastName, CustPhoneNumber, CustEmailAddress) VALUES (50, 'Michell', 'Cranstoun', '409-637-6621', 'mcranstoun1d@patch.com');
INSERT INTO Customer (CustomerID, CustFirstName, CustLastName, CustPhoneNumber, CustEmailAddress) VALUES (51, 'Maxine', 'Iddenden', '274-330-7268', 'middenden1e@cbsnews.com');
INSERT INTO Customer (CustomerID, CustFirstName, CustLastName, CustPhoneNumber, CustEmailAddress) VALUES (52, 'Gunter', 'Realph', '721-645-2406', 'grealph1f@wufoo.com');
INSERT INTO Customer (CustomerID, CustFirstName, CustLastName, CustPhoneNumber, CustEmailAddress) VALUES (53, 'Marcile', 'Aurelius', '139-505-8511', 'maurelius1g@netlog.com');
INSERT INTO Customer (CustomerID, CustFirstName, CustLastName, CustPhoneNumber, CustEmailAddress) VALUES (54, 'Sula', 'Heineken', '906-638-9433', 'sheineken1h@psu.edu');
INSERT INTO Customer (CustomerID, CustFirstName, CustLastName, CustPhoneNumber, CustEmailAddress) VALUES (55, 'Durand', 'Coate', '799-909-5361', 'dcoate1i@amazon.co.jp');
INSERT INTO Customer (CustomerID, CustFirstName, CustLastName, CustPhoneNumber, CustEmailAddress) VALUES (56, 'Carlynn', 'Marquet', '400-241-5471', 'cmarquet1j@twitpic.com');
INSERT INTO Customer (CustomerID, CustFirstName, CustLastName, CustPhoneNumber, CustEmailAddress) VALUES (57, 'Tessy', 'Dobel', '152-743-6510', 'tdobel1k@usda.gov');
INSERT INTO Customer (CustomerID, CustFirstName, CustLastName, CustPhoneNumber, CustEmailAddress) VALUES (58, 'Carole', 'Ridings', '957-828-2603', 'cridings1l@angelfire.com');
INSERT INTO Customer (CustomerID, CustFirstName, CustLastName, CustPhoneNumber, CustEmailAddress) VALUES (59, 'Myron', 'Rupel', '525-197-5639', 'mrupel1m@so-net.ne.jp');
INSERT INTO Customer (CustomerID, CustFirstName, CustLastName, CustPhoneNumber, CustEmailAddress) VALUES (60, 'Olenolin', 'Balleine', '237-470-3986', 'oballeine1n@exblog.jp');
INSERT INTO Customer (CustomerID, CustFirstName, CustLastName, CustPhoneNumber, CustEmailAddress) VALUES (61, 'Tracey', 'Gentle', '251-514-3653', 'tgentle1o@wufoo.com');
INSERT INTO Customer (CustomerID, CustFirstName, CustLastName, CustPhoneNumber, CustEmailAddress) VALUES (62, 'Corrina', 'Cobb', '119-718-3304', 'ccobb1p@sphinn.com');
INSERT INTO Customer (CustomerID, CustFirstName, CustLastName, CustPhoneNumber, CustEmailAddress) VALUES (63, 'Basia', 'Yepiskopov', '991-784-3727', 'byepiskopov1q@squidoo.com');
INSERT INTO Customer (CustomerID, CustFirstName, CustLastName, CustPhoneNumber, CustEmailAddress) VALUES (64, 'Dotti', 'Ginie', '635-968-2737', 'dginie1r@4shared.com');
INSERT INTO Customer (CustomerID, CustFirstName, CustLastName, CustPhoneNumber, CustEmailAddress) VALUES (65, 'Norris', 'Patek', '662-816-3648', 'npatek1s@posterous.com');
INSERT INTO Customer (CustomerID, CustFirstName, CustLastName, CustPhoneNumber, CustEmailAddress) VALUES (66, 'Benedikta', 'MacCafferky', '551-790-5422', 'bmaccafferky1t@uiuc.edu');
INSERT INTO Customer (CustomerID, CustFirstName, CustLastName, CustPhoneNumber, CustEmailAddress) VALUES (67, 'Claudianus', 'Starking', '352-540-2053', 'cstarking1u@vistaprint.com');
INSERT INTO Customer (CustomerID, CustFirstName, CustLastName, CustPhoneNumber, CustEmailAddress) VALUES (68, 'Mattheus', 'Buckles', '164-611-9617', 'mbuckles1v@github.com');
INSERT INTO Customer (CustomerID, CustFirstName, CustLastName, CustPhoneNumber, CustEmailAddress) VALUES (69, 'Stanislaw', 'Walkowski', '696-366-3990', 'swalkowski1w@usnews.com');
INSERT INTO Customer (CustomerID, CustFirstName, CustLastName, CustPhoneNumber, CustEmailAddress) VALUES (70, 'Dani', 'Curnucke', '917-687-2786', 'dcurnucke1x@marketwatch.com');
INSERT INTO Customer (CustomerID, CustFirstName, CustLastName, CustPhoneNumber, CustEmailAddress) VALUES (71, 'Prue', 'Cockson', '915-580-1866', 'pcockson1y@chronoengine.com');
INSERT INTO Customer (CustomerID, CustFirstName, CustLastName, CustPhoneNumber, CustEmailAddress) VALUES (72, 'Angelita', 'Grimbleby', '617-969-3287', 'agrimbleby1z@comsenz.com');
INSERT INTO Customer (CustomerID, CustFirstName, CustLastName, CustPhoneNumber, CustEmailAddress) VALUES (73, 'Paul', 'Holley', '796-953-0153', 'pholley20@example.com');
INSERT INTO Customer (CustomerID, CustFirstName, CustLastName, CustPhoneNumber, CustEmailAddress) VALUES (74, 'Jo', 'Vido', '534-935-9911', 'jvido21@narod.ru');
INSERT INTO Customer (CustomerID, CustFirstName, CustLastName, CustPhoneNumber, CustEmailAddress) VALUES (75, 'Sashenka', 'Heaselgrave', '680-287-4247', 'sheaselgrave22@wikia.com');
INSERT INTO Customer (CustomerID, CustFirstName, CustLastName, CustPhoneNumber, CustEmailAddress) VALUES (76, 'Heath', 'Tocher', '810-365-0859', 'htocher23@yahoo.com');
INSERT INTO Customer (CustomerID, CustFirstName, CustLastName, CustPhoneNumber, CustEmailAddress) VALUES (77, 'Uta', 'Pepi', '702-757-0792', 'upepi24@free.fr');
INSERT INTO Customer (CustomerID, CustFirstName, CustLastName, CustPhoneNumber, CustEmailAddress) VALUES (78, 'Cecilla', 'Fist', '138-655-6363', 'cfist25@shutterfly.com');
INSERT INTO Customer (CustomerID, CustFirstName, CustLastName, CustPhoneNumber, CustEmailAddress) VALUES (79, 'Darn', 'Bridgen', '512-733-3843', 'dbridgen26@ibm.com');
INSERT INTO Customer (CustomerID, CustFirstName, CustLastName, CustPhoneNumber, CustEmailAddress) VALUES (80, 'Gordan', 'Riseborough', '171-800-7481', 'griseborough27@altervista.org');
INSERT INTO Customer (CustomerID, CustFirstName, CustLastName, CustPhoneNumber, CustEmailAddress) VALUES (81, 'Rockwell', 'Galier', '617-686-6966', 'rgalier28@opera.com');
INSERT INTO Customer (CustomerID, CustFirstName, CustLastName, CustPhoneNumber, CustEmailAddress) VALUES (82, 'Patrizia', 'Cowles', '991-771-9829', 'pcowles29@ehow.com');
INSERT INTO Customer (CustomerID, CustFirstName, CustLastName, CustPhoneNumber, CustEmailAddress) VALUES (83, 'Ingra', 'Liggett', '888-592-5699', 'iliggett2a@posterous.com');
INSERT INTO Customer (CustomerID, CustFirstName, CustLastName, CustPhoneNumber, CustEmailAddress) VALUES (84, 'Delora', 'Geockle', '414-843-0393', 'dgeockle2b@nps.gov');
INSERT INTO Customer (CustomerID, CustFirstName, CustLastName, CustPhoneNumber, CustEmailAddress) VALUES (85, 'Evaleen', 'O''Hickey', '440-744-9240', 'eohickey2c@prnewswire.com');
INSERT INTO Customer (CustomerID, CustFirstName, CustLastName, CustPhoneNumber, CustEmailAddress) VALUES (86, 'Anna-diane', 'Jensen', '734-995-1212', 'ajensen2d@google.de');
INSERT INTO Customer (CustomerID, CustFirstName, CustLastName, CustPhoneNumber, CustEmailAddress) VALUES (87, 'Kennett', 'Plampeyn', '858-758-8995', 'kplampeyn2e@phpbb.com');
INSERT INTO Customer (CustomerID, CustFirstName, CustLastName, CustPhoneNumber, CustEmailAddress) VALUES (88, 'Letta', 'Napoleon', '973-595-5568', 'lnapoleon2f@rambler.ru');
INSERT INTO Customer (CustomerID, CustFirstName, CustLastName, CustPhoneNumber, CustEmailAddress) VALUES (89, 'Sela', 'Mustoe', '611-932-0413', 'smustoe2g@qq.com');
INSERT INTO Customer (CustomerID, CustFirstName, CustLastName, CustPhoneNumber, CustEmailAddress) VALUES (90, 'Sherri', 'Turmell', '113-203-2326', 'sturmell2h@acquirethisname.com');
INSERT INTO Customer (CustomerID, CustFirstName, CustLastName, CustPhoneNumber, CustEmailAddress) VALUES (91, 'Lorilyn', 'Holdworth', '740-618-1570', 'lholdworth2i@reuters.com');
INSERT INTO Customer (CustomerID, CustFirstName, CustLastName, CustPhoneNumber, CustEmailAddress) VALUES (92, 'Mart', 'Willshere', '849-916-8706', 'mwillshere2j@ed.gov');
INSERT INTO Customer (CustomerID, CustFirstName, CustLastName, CustPhoneNumber, CustEmailAddress) VALUES (93, 'Barnabe', 'Hawford', '743-811-7760', 'bhawford2k@discuz.net');
INSERT INTO Customer (CustomerID, CustFirstName, CustLastName, CustPhoneNumber, CustEmailAddress) VALUES (94, 'Tobi', 'Flather', '727-715-3254', 'tflather2l@ning.com');
INSERT INTO Customer (CustomerID, CustFirstName, CustLastName, CustPhoneNumber, CustEmailAddress) VALUES (95, 'Fabien', 'Maultby', '320-879-3865', 'fmaultby2m@discovery.com');
INSERT INTO Customer (CustomerID, CustFirstName, CustLastName, CustPhoneNumber, CustEmailAddress) VALUES (96, 'Celestyna', 'Pizey', '844-317-5838', 'cpizey2n@sourceforge.net');
INSERT INTO Customer (CustomerID, CustFirstName, CustLastName, CustPhoneNumber, CustEmailAddress) VALUES (97, 'Aldous', 'Alloway', '238-911-5187', 'aalloway2o@cmu.edu');
INSERT INTO Customer (CustomerID, CustFirstName, CustLastName, CustPhoneNumber, CustEmailAddress) VALUES (98, 'Salomon', 'Gopsell', '633-715-4290', 'sgopsell2p@woothemes.com');
INSERT INTO Customer (CustomerID, CustFirstName, CustLastName, CustPhoneNumber, CustEmailAddress) VALUES (99, 'Pancho', 'Scotti', '689-564-0965', 'pscotti2q@illinois.edu');
INSERT INTO Customer (CustomerID, CustFirstName, CustLastName, CustPhoneNumber, CustEmailAddress) VALUES (100, 'Coop', 'Greening', '120-685-5248', 'cgreening2r@deviantart.com');

-- Table: DeliveryAddress
CREATE TABLE IF NOT EXISTS DeliveryAddress (BillingAddressID INTEGER PRIMARY KEY AUTOINCREMENT UNIQUE NOT NULL, StreetAddress VARCHAR (50), City VARCHAR (50), County VARCHAR (9), PostCode VARCHAR (50), Country VARCHAR (50), CustomerID INT REFERENCES Customer (CustomerID));
INSERT INTO DeliveryAddress (BillingAddressID, StreetAddress, City, County, PostCode, Country, CustomerID) VALUES (1, '45 Novick Park', 'Fucheng', 'Dublin', NULL, 'China', 1);
INSERT INTO DeliveryAddress (BillingAddressID, StreetAddress, City, County, PostCode, Country, CustomerID) VALUES (2, '18097 Warbler Trail', 'Marietta', 'Cork', '30061', 'United States', 2);
INSERT INTO DeliveryAddress (BillingAddressID, StreetAddress, City, County, PostCode, Country, CustomerID) VALUES (3, '7 Iowa Road', 'Krajan', 'Waterford', NULL, 'Indonesia', 3);
INSERT INTO DeliveryAddress (BillingAddressID, StreetAddress, City, County, PostCode, Country, CustomerID) VALUES (4, '16211 Clemons Hill', 'Sucre', 'Waterford', NULL, 'Ecuador', 4);
INSERT INTO DeliveryAddress (BillingAddressID, StreetAddress, City, County, PostCode, Country, CustomerID) VALUES (5, '7 Messerschmidt Road', 'Man', 'Wicklow', NULL, 'Ivory Coast', 5);
INSERT INTO DeliveryAddress (BillingAddressID, StreetAddress, City, County, PostCode, Country, CustomerID) VALUES (6, '24332 Forster Point', 'Ebaye', 'Dublin', '96970', 'Marshall Islands', 6);
INSERT INTO DeliveryAddress (BillingAddressID, StreetAddress, City, County, PostCode, Country, CustomerID) VALUES (7, '331 3rd Road', 'Aparecida de Goiânia', 'Galway', '74900-000', 'Brazil', 7);
INSERT INTO DeliveryAddress (BillingAddressID, StreetAddress, City, County, PostCode, Country, CustomerID) VALUES (8, '72499 Sugar Road', 'Luchegorsk', 'Cork', '156521', 'Russia', 8);
INSERT INTO DeliveryAddress (BillingAddressID, StreetAddress, City, County, PostCode, Country, CustomerID) VALUES (9, '53277 Hooker Way', 'Shinaihai', 'Waterford', NULL, 'China', 9);
INSERT INTO DeliveryAddress (BillingAddressID, StreetAddress, City, County, PostCode, Country, CustomerID) VALUES (10, '25776 Del Mar Crossing', 'Huskvarna', 'Waterford', '561 36', 'Sweden', 10);
INSERT INTO DeliveryAddress (BillingAddressID, StreetAddress, City, County, PostCode, Country, CustomerID) VALUES (11, '88600 Fulton Parkway', 'Hudlice', 'Cork', '267 03', 'Czech Republic', 11);
INSERT INTO DeliveryAddress (BillingAddressID, StreetAddress, City, County, PostCode, Country, CustomerID) VALUES (12, '668 Forest Dale Avenue', 'Nusay', 'Waterford', NULL, 'Afghanistan', 12);
INSERT INTO DeliveryAddress (BillingAddressID, StreetAddress, City, County, PostCode, Country, CustomerID) VALUES (13, '17 Oak Hill', 'Naftalan', 'Waterford', NULL, 'Azerbaijan', 13);
INSERT INTO DeliveryAddress (BillingAddressID, StreetAddress, City, County, PostCode, Country, CustomerID) VALUES (14, '113 Myrtle Street', 'Emiliano Zapata', 'Dublin', '71836', 'Mexico', 14);
INSERT INTO DeliveryAddress (BillingAddressID, StreetAddress, City, County, PostCode, Country, CustomerID) VALUES (15, '7257 Nelson Parkway', 'Paris 07', 'Cork', '75326 CEDEX 07', 'France', 15);
INSERT INTO DeliveryAddress (BillingAddressID, StreetAddress, City, County, PostCode, Country, CustomerID) VALUES (16, '70408 La Follette Way', 'Mabini', 'Waterford', '6313', 'Philippines', 16);
INSERT INTO DeliveryAddress (BillingAddressID, StreetAddress, City, County, PostCode, Country, CustomerID) VALUES (17, '4 Stone Corner Pass', 'Midrand', 'Dublin', '4147', 'South Africa', 17);
INSERT INTO DeliveryAddress (BillingAddressID, StreetAddress, City, County, PostCode, Country, CustomerID) VALUES (18, '3 Dapin Circle', 'Al Qusiyah', 'Dublin', NULL, 'Egypt', 18);
INSERT INTO DeliveryAddress (BillingAddressID, StreetAddress, City, County, PostCode, Country, CustomerID) VALUES (19, '54 Barby Road', 'Jatirejo', 'Cork', NULL, 'Indonesia', 19);
INSERT INTO DeliveryAddress (BillingAddressID, StreetAddress, City, County, PostCode, Country, CustomerID) VALUES (20, '62701 Boyd Pass', 'Marathon', 'Galway', 'P6A', 'Canada', 20);
INSERT INTO DeliveryAddress (BillingAddressID, StreetAddress, City, County, PostCode, Country, CustomerID) VALUES (21, '7359 Longview Parkway', 'Banjar Bengkelgede', 'Galway', NULL, 'Indonesia', 21);
INSERT INTO DeliveryAddress (BillingAddressID, StreetAddress, City, County, PostCode, Country, CustomerID) VALUES (22, '67464 Lawn Place', 'Pirapo', 'Waterford', NULL, 'Paraguay', 22);
INSERT INTO DeliveryAddress (BillingAddressID, StreetAddress, City, County, PostCode, Country, CustomerID) VALUES (23, '41043 Northridge Hill', 'Puksoozero', 'Kerry', '164251', 'Russia', 23);
INSERT INTO DeliveryAddress (BillingAddressID, StreetAddress, City, County, PostCode, Country, CustomerID) VALUES (24, '64462 Kropf Pass', 'Benito Juarez', 'Dublin', '61570', 'Mexico', 24);
INSERT INTO DeliveryAddress (BillingAddressID, StreetAddress, City, County, PostCode, Country, CustomerID) VALUES (25, '6798 Doe Crossing Road', 'Gigant', 'Dublin', '144005', 'Russia', 25);
INSERT INTO DeliveryAddress (BillingAddressID, StreetAddress, City, County, PostCode, Country, CustomerID) VALUES (26, '529 Welch Park', 'Dongfeng', 'Cork', NULL, 'China', 26);
INSERT INTO DeliveryAddress (BillingAddressID, StreetAddress, City, County, PostCode, Country, CustomerID) VALUES (27, '5785 Dixon Alley', 'Tobol', 'Galway', NULL, 'Kazakhstan', 27);
INSERT INTO DeliveryAddress (BillingAddressID, StreetAddress, City, County, PostCode, Country, CustomerID) VALUES (28, '296 Summer Ridge Trail', 'Shayu', 'Kerry', NULL, 'China', 28);
INSERT INTO DeliveryAddress (BillingAddressID, StreetAddress, City, County, PostCode, Country, CustomerID) VALUES (29, '8 Mallard Point', 'Areia Branca', 'Wicklow', '49580-000', 'Brazil', 29);
INSERT INTO DeliveryAddress (BillingAddressID, StreetAddress, City, County, PostCode, Country, CustomerID) VALUES (30, '414 New Castle Pass', 'Tucumã', 'Galway', '68385-000', 'Brazil', 30);
INSERT INTO DeliveryAddress (BillingAddressID, StreetAddress, City, County, PostCode, Country, CustomerID) VALUES (31, '53 Cherokee Junction', 'Mongar', 'Cork', NULL, 'Bhutan', 31);
INSERT INTO DeliveryAddress (BillingAddressID, StreetAddress, City, County, PostCode, Country, CustomerID) VALUES (32, '42 Bellgrove Street', 'Bukor', 'Wicklow', NULL, 'Serbia', 32);
INSERT INTO DeliveryAddress (BillingAddressID, StreetAddress, City, County, PostCode, Country, CustomerID) VALUES (33, '7040 Eastlawn Junction', 'Venda do Valador', 'Wicklow', '2665-299', 'Portugal', 33);
INSERT INTO DeliveryAddress (BillingAddressID, StreetAddress, City, County, PostCode, Country, CustomerID) VALUES (34, '79112 Stang Circle', 'Hnevotín', 'Waterford', '783 47', 'Czech Republic', 34);
INSERT INTO DeliveryAddress (BillingAddressID, StreetAddress, City, County, PostCode, Country, CustomerID) VALUES (35, '6342 Moland Hill', 'Castanhal', 'Cork', '68740-000', 'Brazil', 35);
INSERT INTO DeliveryAddress (BillingAddressID, StreetAddress, City, County, PostCode, Country, CustomerID) VALUES (36, '94 Bluestem Parkway', 'Pule', 'Waterford', NULL, 'Indonesia', 36);
INSERT INTO DeliveryAddress (BillingAddressID, StreetAddress, City, County, PostCode, Country, CustomerID) VALUES (37, '0034 Bluestem Pass', 'Berbérati', 'Kerry', NULL, 'Central African Republic', 37);
INSERT INTO DeliveryAddress (BillingAddressID, StreetAddress, City, County, PostCode, Country, CustomerID) VALUES (38, '704 Park Meadow Park', 'Saba Yoi', 'Dublin', '67140', 'Thailand', 38);
INSERT INTO DeliveryAddress (BillingAddressID, StreetAddress, City, County, PostCode, Country, CustomerID) VALUES (39, '7 Merchant Trail', 'San Pedro', 'Wicklow', NULL, 'Bolivia', 39);
INSERT INTO DeliveryAddress (BillingAddressID, StreetAddress, City, County, PostCode, Country, CustomerID) VALUES (40, '04846 Basil Avenue', 'Pinheiros', 'Kerry', '29980-000', 'Brazil', 40);
INSERT INTO DeliveryAddress (BillingAddressID, StreetAddress, City, County, PostCode, Country, CustomerID) VALUES (41, '784 Meadow Valley Court', 'Chunmuying', 'Cork', NULL, 'China', 41);
INSERT INTO DeliveryAddress (BillingAddressID, StreetAddress, City, County, PostCode, Country, CustomerID) VALUES (42, '38039 Buell Crossing', 'Planá', 'Wicklow', '348 15', 'Czech Republic', 42);
INSERT INTO DeliveryAddress (BillingAddressID, StreetAddress, City, County, PostCode, Country, CustomerID) VALUES (43, '0165 Ludington Pass', 'Sancha', 'Galway', NULL, 'China', 43);
INSERT INTO DeliveryAddress (BillingAddressID, StreetAddress, City, County, PostCode, Country, CustomerID) VALUES (44, '32 Kropf Road', 'Xiage', 'Dublin', NULL, 'China', 44);
INSERT INTO DeliveryAddress (BillingAddressID, StreetAddress, City, County, PostCode, Country, CustomerID) VALUES (45, '7 Graceland Alley', 'Tobetsu', 'Dublin', '883-0103', 'Japan', 45);
INSERT INTO DeliveryAddress (BillingAddressID, StreetAddress, City, County, PostCode, Country, CustomerID) VALUES (46, '48 Del Mar Hill', 'Tumpang Satu', 'Galway', NULL, 'Indonesia', 46);
INSERT INTO DeliveryAddress (BillingAddressID, StreetAddress, City, County, PostCode, Country, CustomerID) VALUES (47, '35334 Hanover Junction', 'Baruny', 'Wicklow', NULL, 'Belarus', 47);
INSERT INTO DeliveryAddress (BillingAddressID, StreetAddress, City, County, PostCode, Country, CustomerID) VALUES (48, '18 Calypso Crossing', 'Paço', 'Cork', '4910-060', 'Portugal', 48);
INSERT INTO DeliveryAddress (BillingAddressID, StreetAddress, City, County, PostCode, Country, CustomerID) VALUES (49, '0 Dexter Crossing', 'Kitsuki', 'Dublin', '873-0001', 'Japan', 49);
INSERT INTO DeliveryAddress (BillingAddressID, StreetAddress, City, County, PostCode, Country, CustomerID) VALUES (50, '838 Grover Pass', 'Petrich', 'Kerry', '2889', 'Bulgaria', 50);
INSERT INTO DeliveryAddress (BillingAddressID, StreetAddress, City, County, PostCode, Country, CustomerID) VALUES (51, '45414 Coolidge Drive', 'Žrnovnica', 'Waterford', '21251', 'Croatia', 51);
INSERT INTO DeliveryAddress (BillingAddressID, StreetAddress, City, County, PostCode, Country, CustomerID) VALUES (52, '2506 Oneill Park', 'Ewarton', 'Dublin', NULL, 'Jamaica', 52);
INSERT INTO DeliveryAddress (BillingAddressID, StreetAddress, City, County, PostCode, Country, CustomerID) VALUES (53, '443 Utah Circle', 'Raphoe', 'Dublin', 'X91', 'Ireland', 53);
INSERT INTO DeliveryAddress (BillingAddressID, StreetAddress, City, County, PostCode, Country, CustomerID) VALUES (54, '4 Sycamore Drive', 'Lakshmipur', 'Wicklow', '1553', 'Bangladesh', 54);
INSERT INTO DeliveryAddress (BillingAddressID, StreetAddress, City, County, PostCode, Country, CustomerID) VALUES (55, '04209 Canary Avenue', 'Colorado Springs', 'Dublin', '80945', 'United States', 55);
INSERT INTO DeliveryAddress (BillingAddressID, StreetAddress, City, County, PostCode, Country, CustomerID) VALUES (56, '480 Norway Maple Junction', 'Alofi', 'Kerry', NULL, 'Niue', 56);
INSERT INTO DeliveryAddress (BillingAddressID, StreetAddress, City, County, PostCode, Country, CustomerID) VALUES (57, '3 Pawling Street', 'Colonia Yguazú', 'Kerry', NULL, 'Paraguay', 57);
INSERT INTO DeliveryAddress (BillingAddressID, StreetAddress, City, County, PostCode, Country, CustomerID) VALUES (58, '6 Mcbride Plaza', 'At Turrah', 'Dublin', NULL, 'Jordan', 58);
INSERT INTO DeliveryAddress (BillingAddressID, StreetAddress, City, County, PostCode, Country, CustomerID) VALUES (59, '9552 Eastlawn Lane', 'Kimakamak', 'Waterford', NULL, 'Indonesia', 59);
INSERT INTO DeliveryAddress (BillingAddressID, StreetAddress, City, County, PostCode, Country, CustomerID) VALUES (60, '18437 Elgar Terrace', 'Sinjhoro', 'Wicklow', '68220', 'Pakistan', 60);
INSERT INTO DeliveryAddress (BillingAddressID, StreetAddress, City, County, PostCode, Country, CustomerID) VALUES (61, '771 Southridge Parkway', 'Tierralta', 'Waterford', '234518', 'Colombia', 61);
INSERT INTO DeliveryAddress (BillingAddressID, StreetAddress, City, County, PostCode, Country, CustomerID) VALUES (62, '420 Talmadge Court', 'Xiaozhen', 'Kerry', NULL, 'China', 62);
INSERT INTO DeliveryAddress (BillingAddressID, StreetAddress, City, County, PostCode, Country, CustomerID) VALUES (63, '38324 Thackeray Park', 'Atikokan', 'Galway', 'K1Y', 'Canada', 63);
INSERT INTO DeliveryAddress (BillingAddressID, StreetAddress, City, County, PostCode, Country, CustomerID) VALUES (64, '1 Pearson Plaza', 'Kushtia', 'Dublin', '7052', 'Bangladesh', 64);
INSERT INTO DeliveryAddress (BillingAddressID, StreetAddress, City, County, PostCode, Country, CustomerID) VALUES (65, '69 Darwin Point', 'Voyutychi', 'Cork', NULL, 'Ukraine', 65);
INSERT INTO DeliveryAddress (BillingAddressID, StreetAddress, City, County, PostCode, Country, CustomerID) VALUES (66, '11455 Little Fleur Terrace', 'Beirut', 'Wicklow', NULL, 'Lebanon', 66);
INSERT INTO DeliveryAddress (BillingAddressID, StreetAddress, City, County, PostCode, Country, CustomerID) VALUES (67, '5964 Fordem Plaza', 'Hazlov', 'Kerry', '350 02', 'Czech Republic', 67);
INSERT INTO DeliveryAddress (BillingAddressID, StreetAddress, City, County, PostCode, Country, CustomerID) VALUES (68, '0231 1st Lane', 'Tieremu', 'Wicklow', NULL, 'China', 68);
INSERT INTO DeliveryAddress (BillingAddressID, StreetAddress, City, County, PostCode, Country, CustomerID) VALUES (69, '6623 Eagle Crest Point', 'Quebradas', 'Wicklow', NULL, 'Honduras', 69);
INSERT INTO DeliveryAddress (BillingAddressID, StreetAddress, City, County, PostCode, Country, CustomerID) VALUES (70, '4 Michigan Hill', 'Panxi', 'Cork', NULL, 'China', 70);
INSERT INTO DeliveryAddress (BillingAddressID, StreetAddress, City, County, PostCode, Country, CustomerID) VALUES (71, '0520 Moulton Place', 'Maseru', 'Kerry', NULL, 'Lesotho', 71);
INSERT INTO DeliveryAddress (BillingAddressID, StreetAddress, City, County, PostCode, Country, CustomerID) VALUES (72, '746 Forster Circle', 'Sergeyevka', 'Dublin', '142516', 'Russia', 72);
INSERT INTO DeliveryAddress (BillingAddressID, StreetAddress, City, County, PostCode, Country, CustomerID) VALUES (73, '6014 Vera Trail', 'Abuochiche', 'Dublin', NULL, 'Nigeria', 73);
INSERT INTO DeliveryAddress (BillingAddressID, StreetAddress, City, County, PostCode, Country, CustomerID) VALUES (74, '624 Golf Plaza', 'Khvatovka', 'Waterford', '412620', 'Russia', 74);
INSERT INTO DeliveryAddress (BillingAddressID, StreetAddress, City, County, PostCode, Country, CustomerID) VALUES (75, '6 Nevada Circle', 'Rostov', 'Waterford', '152155', 'Russia', 75);
INSERT INTO DeliveryAddress (BillingAddressID, StreetAddress, City, County, PostCode, Country, CustomerID) VALUES (76, '989 Fair Oaks Place', 'Malo', 'Wicklow', NULL, 'Indonesia', 76);
INSERT INTO DeliveryAddress (BillingAddressID, StreetAddress, City, County, PostCode, Country, CustomerID) VALUES (77, '320 Judy Terrace', 'Jiangjiazui', 'Kerry', NULL, 'China', 77);
INSERT INTO DeliveryAddress (BillingAddressID, StreetAddress, City, County, PostCode, Country, CustomerID) VALUES (78, '6 Coolidge Lane', 'Dongchong', 'Cork', NULL, 'China', 78);
INSERT INTO DeliveryAddress (BillingAddressID, StreetAddress, City, County, PostCode, Country, CustomerID) VALUES (79, '813 Loomis Circle', 'Pueblo', 'Dublin', '81010', 'United States', 79);
INSERT INTO DeliveryAddress (BillingAddressID, StreetAddress, City, County, PostCode, Country, CustomerID) VALUES (80, '3536 Melby Place', 'Suai', 'Kerry', NULL, 'East Timor', 80);
INSERT INTO DeliveryAddress (BillingAddressID, StreetAddress, City, County, PostCode, Country, CustomerID) VALUES (81, '993 Ilene Place', 'Boliney', 'Dublin', '2815', 'Philippines', 81);
INSERT INTO DeliveryAddress (BillingAddressID, StreetAddress, City, County, PostCode, Country, CustomerID) VALUES (82, '4138 Granby Way', 'San Rafael del Sur', 'Waterford', NULL, 'Nicaragua', 82);
INSERT INTO DeliveryAddress (BillingAddressID, StreetAddress, City, County, PostCode, Country, CustomerID) VALUES (83, '8519 Susan Terrace', 'Sancang', 'Wicklow', NULL, 'China', 83);
INSERT INTO DeliveryAddress (BillingAddressID, StreetAddress, City, County, PostCode, Country, CustomerID) VALUES (84, '04290 Johnson Road', 'Chouto', 'Galway', '2140-215', 'Portugal', 84);
INSERT INTO DeliveryAddress (BillingAddressID, StreetAddress, City, County, PostCode, Country, CustomerID) VALUES (85, '820 Fulton Plaza', 'Sumbersarikrajan', 'Waterford', NULL, 'Indonesia', 85);
INSERT INTO DeliveryAddress (BillingAddressID, StreetAddress, City, County, PostCode, Country, CustomerID) VALUES (86, '66 Graedel Road', 'Jaunpiebalga', 'Cork', NULL, 'Latvia', 86);
INSERT INTO DeliveryAddress (BillingAddressID, StreetAddress, City, County, PostCode, Country, CustomerID) VALUES (87, '8008 Lighthouse Bay Alley', 'Melun', 'Galway', '77050 CEDEX', 'France', 87);
INSERT INTO DeliveryAddress (BillingAddressID, StreetAddress, City, County, PostCode, Country, CustomerID) VALUES (88, '0 Butternut Point', 'Pilníkov', 'Waterford', '542 42', 'Czech Republic', 88);
INSERT INTO DeliveryAddress (BillingAddressID, StreetAddress, City, County, PostCode, Country, CustomerID) VALUES (89, '78 Merry Lane', 'Xiangyang', 'Dublin', NULL, 'China', 89);
INSERT INTO DeliveryAddress (BillingAddressID, StreetAddress, City, County, PostCode, Country, CustomerID) VALUES (90, '076 Amoth Court', 'Gandzak', 'Waterford', NULL, 'Armenia', 90);
INSERT INTO DeliveryAddress (BillingAddressID, StreetAddress, City, County, PostCode, Country, CustomerID) VALUES (91, '32590 Heffernan Alley', 'Xiaojie', 'Waterford', NULL, 'China', 91);
INSERT INTO DeliveryAddress (BillingAddressID, StreetAddress, City, County, PostCode, Country, CustomerID) VALUES (92, '7 Oneill Street', 'Kilifi', 'Kerry', NULL, 'Kenya', 92);
INSERT INTO DeliveryAddress (BillingAddressID, StreetAddress, City, County, PostCode, Country, CustomerID) VALUES (93, '65053 Becker Circle', 'Buaran', 'Galway', NULL, 'Indonesia', 93);
INSERT INTO DeliveryAddress (BillingAddressID, StreetAddress, City, County, PostCode, Country, CustomerID) VALUES (94, '7111 Mayer Place', 'Yuzhou', 'Galway', NULL, 'China', 94);
INSERT INTO DeliveryAddress (BillingAddressID, StreetAddress, City, County, PostCode, Country, CustomerID) VALUES (95, '5483 Maywood Parkway', 'Nicoya', 'Dublin', '50201', 'Costa Rica', 95);
INSERT INTO DeliveryAddress (BillingAddressID, StreetAddress, City, County, PostCode, Country, CustomerID) VALUES (96, '58 Riverside Road', 'Karangpete', 'Galway', NULL, 'Indonesia', 96);
INSERT INTO DeliveryAddress (BillingAddressID, StreetAddress, City, County, PostCode, Country, CustomerID) VALUES (97, '32067 Hauk Plaza', 'Kuching', 'Cork', '93762', 'Malaysia', 97);
INSERT INTO DeliveryAddress (BillingAddressID, StreetAddress, City, County, PostCode, Country, CustomerID) VALUES (98, '5882 Mendota Trail', 'Akkol’', 'Waterford', NULL, 'Kazakhstan', 98);
INSERT INTO DeliveryAddress (BillingAddressID, StreetAddress, City, County, PostCode, Country, CustomerID) VALUES (99, '54654 Fairview Crossing', 'Tierp', 'Waterford', '815 24', 'Sweden', 99);
INSERT INTO DeliveryAddress (BillingAddressID, StreetAddress, City, County, PostCode, Country, CustomerID) VALUES (100, '3 Arapahoe Circle', 'Jastrzebia Góra', 'Wicklow', '84-107', 'Poland', 100);

-- Table: Employee
CREATE TABLE IF NOT EXISTS Employee (EmployeeID INTEGER PRIMARY KEY AUTOINCREMENT UNIQUE NOT NULL, FirstName VARCHAR (50), LastName VARCHAR (50), Position VARCHAR (15), ContactNumber VARCHAR (50), Email VARCHAR (50));
INSERT INTO Employee (EmployeeID, FirstName, LastName, Position, ContactNumber, Email) VALUES (1, 'Jerry', 'Kemish', 'Sales Assistant', '446-747-3599', 'jkemish0@nsw.gov.au');
INSERT INTO Employee (EmployeeID, FirstName, LastName, Position, ContactNumber, Email) VALUES (2, 'Cesare', 'Oade', 'Sales Manager', '576-537-7059', 'coade1@taobao.com');
INSERT INTO Employee (EmployeeID, FirstName, LastName, Position, ContactNumber, Email) VALUES (3, 'Riley', 'Tebbitt', 'Sales Assistant', '548-612-2034', 'rtebbitt2@istockphoto.com');
INSERT INTO Employee (EmployeeID, FirstName, LastName, Position, ContactNumber, Email) VALUES (4, 'Eddi', 'Shinfield', 'Sales Assistant', '195-245-2530', 'eshinfield3@eventbrite.com');
INSERT INTO Employee (EmployeeID, FirstName, LastName, Position, ContactNumber, Email) VALUES (5, 'Rooney', 'Mayell', 'Sales Manager', '590-386-7809', 'rmayell4@elegantthemes.com');
INSERT INTO Employee (EmployeeID, FirstName, LastName, Position, ContactNumber, Email) VALUES (6, 'Vincents', 'Burwin', 'Sales Assistant', '891-302-2726', 'vburwin5@booking.com');
INSERT INTO Employee (EmployeeID, FirstName, LastName, Position, ContactNumber, Email) VALUES (7, 'Salaidh', 'Crevy', 'Sales Manager', '596-511-3195', 'screvy6@ed.gov');
INSERT INTO Employee (EmployeeID, FirstName, LastName, Position, ContactNumber, Email) VALUES (8, 'Carlyn', 'Sheldon', 'Sales Assistant', '535-924-4200', 'csheldon7@skype.com');
INSERT INTO Employee (EmployeeID, FirstName, LastName, Position, ContactNumber, Email) VALUES (9, 'Keefer', 'Howitt', 'Sales Manager', '769-515-4214', 'khowitt8@state.gov');
INSERT INTO Employee (EmployeeID, FirstName, LastName, Position, ContactNumber, Email) VALUES (10, 'Federica', 'Jandel', 'Sales Assistant', '485-125-7090', 'fjandel9@sina.com.cn');
INSERT INTO Employee (EmployeeID, FirstName, LastName, Position, ContactNumber, Email) VALUES (11, 'Fenelia', 'McSharry', 'Sales Manager', '471-123-0100', 'fmcsharrya@google.com.au');
INSERT INTO Employee (EmployeeID, FirstName, LastName, Position, ContactNumber, Email) VALUES (12, 'Ward', 'Carren', 'Sales Manager', '819-923-1138', 'wcarrenb@google.nl');
INSERT INTO Employee (EmployeeID, FirstName, LastName, Position, ContactNumber, Email) VALUES (13, 'Marni', 'Cromb', 'Sales Manager', '306-463-4455', 'mcrombc@reverbnation.com');
INSERT INTO Employee (EmployeeID, FirstName, LastName, Position, ContactNumber, Email) VALUES (14, 'Frans', 'Bockh', 'Sales Manager', '709-416-9530', 'fbockhd@usda.gov');
INSERT INTO Employee (EmployeeID, FirstName, LastName, Position, ContactNumber, Email) VALUES (15, 'Rahel', 'Bowering', 'Sales Manager', '909-343-1106', 'rboweringe@ask.com');
INSERT INTO Employee (EmployeeID, FirstName, LastName, Position, ContactNumber, Email) VALUES (16, 'Michal', 'Ander', 'Sales Manager', '949-925-0912', 'manderf@sogou.com');
INSERT INTO Employee (EmployeeID, FirstName, LastName, Position, ContactNumber, Email) VALUES (17, 'Farlay', 'Bilovsky', 'Sales Assistant', '262-162-7601', 'fbilovskyg@fda.gov');
INSERT INTO Employee (EmployeeID, FirstName, LastName, Position, ContactNumber, Email) VALUES (18, 'Thoma', 'Walcar', 'Sales Assistant', '193-861-3959', 'twalcarh@ted.com');
INSERT INTO Employee (EmployeeID, FirstName, LastName, Position, ContactNumber, Email) VALUES (19, 'Cherilynn', 'Buxsy', 'Sales Assistant', '679-432-6291', 'cbuxsyi@intel.com');
INSERT INTO Employee (EmployeeID, FirstName, LastName, Position, ContactNumber, Email) VALUES (20, 'Lindon', 'Ruthen', 'Sales Assistant', '787-238-4357', 'lruthenj@hao123.com');
INSERT INTO Employee (EmployeeID, FirstName, LastName, Position, ContactNumber, Email) VALUES (21, 'Mel', 'Meecher', 'Sales Manager', '579-630-6249', 'mmeecherk@sina.com.cn');
INSERT INTO Employee (EmployeeID, FirstName, LastName, Position, ContactNumber, Email) VALUES (22, 'Ruth', 'Flute', 'Sales Assistant', '599-855-0771', 'rflutel@cam.ac.uk');
INSERT INTO Employee (EmployeeID, FirstName, LastName, Position, ContactNumber, Email) VALUES (23, 'Drusie', 'Dashwood', 'Sales Manager', '592-246-4946', 'ddashwoodm@yelp.com');
INSERT INTO Employee (EmployeeID, FirstName, LastName, Position, ContactNumber, Email) VALUES (24, 'Ashia', 'Piotrkowski', 'Sales Assistant', '972-969-2431', 'apiotrkowskin@mysql.com');
INSERT INTO Employee (EmployeeID, FirstName, LastName, Position, ContactNumber, Email) VALUES (25, 'Lynnett', 'Schleicher', 'Sales Manager', '136-454-7128', 'lschleichero@example.com');
INSERT INTO Employee (EmployeeID, FirstName, LastName, Position, ContactNumber, Email) VALUES (26, 'Alex', 'Baudon', 'Sales Assistant', '198-437-6465', 'abaudonp@bandcamp.com');
INSERT INTO Employee (EmployeeID, FirstName, LastName, Position, ContactNumber, Email) VALUES (27, 'Iggy', 'Thake', 'Sales Manager', '314-653-0002', 'ithakeq@irs.gov');
INSERT INTO Employee (EmployeeID, FirstName, LastName, Position, ContactNumber, Email) VALUES (28, 'Lurette', 'Decourt', 'Sales Assistant', '984-653-6034', 'ldecourtr@linkedin.com');
INSERT INTO Employee (EmployeeID, FirstName, LastName, Position, ContactNumber, Email) VALUES (29, 'Even', 'Fynan', 'Sales Manager', '891-677-2248', 'efynans@cbsnews.com');
INSERT INTO Employee (EmployeeID, FirstName, LastName, Position, ContactNumber, Email) VALUES (30, 'Prince', 'Rickertsen', 'Sales Manager', '928-314-3865', 'prickertsent@goo.ne.jp');
INSERT INTO Employee (EmployeeID, FirstName, LastName, Position, ContactNumber, Email) VALUES (31, 'Roseanna', 'Mibourne', 'Sales Assistant', '453-597-9499', 'rmibourneu@chronoengine.com');
INSERT INTO Employee (EmployeeID, FirstName, LastName, Position, ContactNumber, Email) VALUES (32, 'Winifred', 'Kivelle', 'Sales Assistant', '363-760-8730', 'wkivellev@wix.com');
INSERT INTO Employee (EmployeeID, FirstName, LastName, Position, ContactNumber, Email) VALUES (33, 'Heda', 'Bunney', 'Sales Manager', '190-285-4336', 'hbunneyw@issuu.com');
INSERT INTO Employee (EmployeeID, FirstName, LastName, Position, ContactNumber, Email) VALUES (34, 'Jerrie', 'Nelthorpe', 'Sales Manager', '624-997-2866', 'jnelthorpex@biblegateway.com');
INSERT INTO Employee (EmployeeID, FirstName, LastName, Position, ContactNumber, Email) VALUES (35, 'Walther', 'Glastonbury', 'Sales Assistant', '807-735-4570', 'wglastonburyy@globo.com');
INSERT INTO Employee (EmployeeID, FirstName, LastName, Position, ContactNumber, Email) VALUES (36, 'Hersch', 'Chalke', 'Sales Assistant', '734-526-0980', 'hchalkez@jiathis.com');
INSERT INTO Employee (EmployeeID, FirstName, LastName, Position, ContactNumber, Email) VALUES (37, 'Douglass', 'Clemo', 'Sales Manager', '493-543-4022', 'dclemo10@weibo.com');
INSERT INTO Employee (EmployeeID, FirstName, LastName, Position, ContactNumber, Email) VALUES (38, 'Bette-ann', 'Rounce', 'Sales Assistant', '773-630-0613', 'brounce11@amazon.co.uk');
INSERT INTO Employee (EmployeeID, FirstName, LastName, Position, ContactNumber, Email) VALUES (39, 'Catlin', 'Greber', 'Sales Assistant', '571-107-7020', 'cgreber12@google.com.hk');
INSERT INTO Employee (EmployeeID, FirstName, LastName, Position, ContactNumber, Email) VALUES (40, 'Merrielle', 'Brane', 'Sales Manager', '505-803-9233', 'mbrane13@example.com');
INSERT INTO Employee (EmployeeID, FirstName, LastName, Position, ContactNumber, Email) VALUES (41, 'Gilberta', 'Gabel', 'Sales Assistant', '685-861-7316', 'ggabel14@drupal.org');
INSERT INTO Employee (EmployeeID, FirstName, LastName, Position, ContactNumber, Email) VALUES (42, 'Cordula', 'Moses', 'Sales Assistant', '286-119-4941', 'cmoses15@clickbank.net');
INSERT INTO Employee (EmployeeID, FirstName, LastName, Position, ContactNumber, Email) VALUES (43, 'Erek', 'Dechelle', 'Sales Assistant', '250-275-2015', 'edechelle16@house.gov');
INSERT INTO Employee (EmployeeID, FirstName, LastName, Position, ContactNumber, Email) VALUES (44, 'Dilly', 'Tinline', 'Sales Manager', '523-966-4619', 'dtinline17@vkontakte.ru');
INSERT INTO Employee (EmployeeID, FirstName, LastName, Position, ContactNumber, Email) VALUES (45, 'Zonda', 'de Clerq', 'Sales Manager', '848-346-0294', 'zdeclerq18@eepurl.com');
INSERT INTO Employee (EmployeeID, FirstName, LastName, Position, ContactNumber, Email) VALUES (46, 'Aloysius', 'Bushe', 'Sales Manager', '262-558-8442', 'abushe19@scientificamerican.com');
INSERT INTO Employee (EmployeeID, FirstName, LastName, Position, ContactNumber, Email) VALUES (47, 'Angelo', 'Cocking', 'Sales Manager', '804-920-6153', 'acocking1a@boston.com');
INSERT INTO Employee (EmployeeID, FirstName, LastName, Position, ContactNumber, Email) VALUES (48, 'Jere', 'Gley', 'Sales Manager', '437-841-2609', 'jgley1b@usgs.gov');
INSERT INTO Employee (EmployeeID, FirstName, LastName, Position, ContactNumber, Email) VALUES (49, 'Flory', 'Whitsey', 'Sales Assistant', '346-325-5973', 'fwhitsey1c@techcrunch.com');
INSERT INTO Employee (EmployeeID, FirstName, LastName, Position, ContactNumber, Email) VALUES (50, 'Violet', 'Mackerness', 'Sales Manager', '953-745-0585', 'vmackerness1d@unesco.org');
INSERT INTO Employee (EmployeeID, FirstName, LastName, Position, ContactNumber, Email) VALUES (51, 'Oren', 'Perel', 'Sales Manager', '485-907-1706', 'operel1e@digg.com');
INSERT INTO Employee (EmployeeID, FirstName, LastName, Position, ContactNumber, Email) VALUES (52, 'Gayleen', 'Mulheron', 'Sales Assistant', '210-490-5331', 'gmulheron1f@mayoclinic.com');
INSERT INTO Employee (EmployeeID, FirstName, LastName, Position, ContactNumber, Email) VALUES (53, 'Norina', 'Addionizio', 'Sales Assistant', '231-868-4932', 'naddionizio1g@behance.net');
INSERT INTO Employee (EmployeeID, FirstName, LastName, Position, ContactNumber, Email) VALUES (54, 'Kelila', 'Revett', 'Sales Assistant', '508-815-2831', 'krevett1h@google.nl');
INSERT INTO Employee (EmployeeID, FirstName, LastName, Position, ContactNumber, Email) VALUES (55, 'Kirsten', 'Tripcony', 'Sales Assistant', '768-967-9117', 'ktripcony1i@upenn.edu');
INSERT INTO Employee (EmployeeID, FirstName, LastName, Position, ContactNumber, Email) VALUES (56, 'Ward', 'Rapo', 'Sales Manager', '499-996-6873', 'wrapo1j@google.com.br');
INSERT INTO Employee (EmployeeID, FirstName, LastName, Position, ContactNumber, Email) VALUES (57, 'Dal', 'Hustings', 'Sales Manager', '664-710-4132', 'dhustings1k@google.nl');
INSERT INTO Employee (EmployeeID, FirstName, LastName, Position, ContactNumber, Email) VALUES (58, 'Adrianna', 'Kestell', 'Sales Manager', '924-136-1357', 'akestell1l@parallels.com');
INSERT INTO Employee (EmployeeID, FirstName, LastName, Position, ContactNumber, Email) VALUES (59, 'Kattie', 'Grimolbie', 'Sales Assistant', '104-103-8950', 'kgrimolbie1m@imageshack.us');
INSERT INTO Employee (EmployeeID, FirstName, LastName, Position, ContactNumber, Email) VALUES (60, 'Granthem', 'Domoni', 'Sales Assistant', '594-443-7401', 'gdomoni1n@google.es');
INSERT INTO Employee (EmployeeID, FirstName, LastName, Position, ContactNumber, Email) VALUES (61, 'Roxie', 'Grigoire', 'Sales Manager', '680-598-2446', 'rgrigoire1o@jigsy.com');
INSERT INTO Employee (EmployeeID, FirstName, LastName, Position, ContactNumber, Email) VALUES (62, 'Chastity', 'Brunetti', 'Sales Assistant', '198-377-2595', 'cbrunetti1p@sakura.ne.jp');
INSERT INTO Employee (EmployeeID, FirstName, LastName, Position, ContactNumber, Email) VALUES (63, 'Konstanze', 'Jordine', 'Sales Manager', '514-322-2504', 'kjordine1q@sitemeter.com');
INSERT INTO Employee (EmployeeID, FirstName, LastName, Position, ContactNumber, Email) VALUES (64, 'Cecilla', 'Gilmartin', 'Sales Assistant', '264-760-8180', 'cgilmartin1r@bloglines.com');
INSERT INTO Employee (EmployeeID, FirstName, LastName, Position, ContactNumber, Email) VALUES (65, 'Susi', 'Di Frisco', 'Sales Assistant', '710-555-5620', 'sdifrisco1s@networkadvertising.org');
INSERT INTO Employee (EmployeeID, FirstName, LastName, Position, ContactNumber, Email) VALUES (66, 'Steffi', 'Viggars', 'Sales Assistant', '779-844-8001', 'sviggars1t@rambler.ru');
INSERT INTO Employee (EmployeeID, FirstName, LastName, Position, ContactNumber, Email) VALUES (67, 'Fowler', 'Leadston', 'Sales Manager', '215-118-3343', 'fleadston1u@harvard.edu');
INSERT INTO Employee (EmployeeID, FirstName, LastName, Position, ContactNumber, Email) VALUES (68, 'Erskine', 'Lambertson', 'Sales Manager', '129-757-8995', 'elambertson1v@boston.com');
INSERT INTO Employee (EmployeeID, FirstName, LastName, Position, ContactNumber, Email) VALUES (69, 'Geno', 'Helian', 'Sales Manager', '133-189-4922', 'ghelian1w@yelp.com');
INSERT INTO Employee (EmployeeID, FirstName, LastName, Position, ContactNumber, Email) VALUES (70, 'Rivi', 'Mankor', 'Sales Assistant', '807-365-0474', 'rmankor1x@a8.net');
INSERT INTO Employee (EmployeeID, FirstName, LastName, Position, ContactNumber, Email) VALUES (71, 'Jodee', 'Villiers', 'Sales Assistant', '195-120-7841', 'jvilliers1y@opensource.org');
INSERT INTO Employee (EmployeeID, FirstName, LastName, Position, ContactNumber, Email) VALUES (72, 'Judah', 'Westbury', 'Sales Assistant', '604-984-7362', 'jwestbury1z@state.gov');
INSERT INTO Employee (EmployeeID, FirstName, LastName, Position, ContactNumber, Email) VALUES (73, 'Norman', 'Rojahn', 'Sales Manager', '983-433-8851', 'nrojahn20@gnu.org');
INSERT INTO Employee (EmployeeID, FirstName, LastName, Position, ContactNumber, Email) VALUES (74, 'Jefferson', 'Bleackley', 'Sales Assistant', '855-263-8828', 'jbleackley21@networksolutions.com');
INSERT INTO Employee (EmployeeID, FirstName, LastName, Position, ContactNumber, Email) VALUES (75, 'Leeann', 'Conlon', 'Sales Assistant', '224-384-4794', 'lconlon22@webs.com');
INSERT INTO Employee (EmployeeID, FirstName, LastName, Position, ContactNumber, Email) VALUES (76, 'Stirling', 'Rome', 'Sales Assistant', '230-354-0588', 'srome23@independent.co.uk');
INSERT INTO Employee (EmployeeID, FirstName, LastName, Position, ContactNumber, Email) VALUES (77, 'Faythe', 'Loyns', 'Sales Assistant', '819-723-0178', 'floyns24@icq.com');
INSERT INTO Employee (EmployeeID, FirstName, LastName, Position, ContactNumber, Email) VALUES (78, 'Winfield', 'Ert', 'Sales Assistant', '403-877-4732', 'wert25@nationalgeographic.com');
INSERT INTO Employee (EmployeeID, FirstName, LastName, Position, ContactNumber, Email) VALUES (79, 'Jayson', 'Quadling', 'Sales Assistant', '527-909-0951', 'jquadling26@dailymotion.com');
INSERT INTO Employee (EmployeeID, FirstName, LastName, Position, ContactNumber, Email) VALUES (80, 'Gunilla', 'Edge', 'Sales Assistant', '202-948-2810', 'gedge27@cyberchimps.com');
INSERT INTO Employee (EmployeeID, FirstName, LastName, Position, ContactNumber, Email) VALUES (81, 'Hogan', 'MacArthur', 'Sales Assistant', '765-720-9195', 'hmacarthur28@cbsnews.com');
INSERT INTO Employee (EmployeeID, FirstName, LastName, Position, ContactNumber, Email) VALUES (82, 'Caro', 'Klimas', 'Sales Assistant', '777-953-6503', 'cklimas29@diigo.com');
INSERT INTO Employee (EmployeeID, FirstName, LastName, Position, ContactNumber, Email) VALUES (83, 'Olvan', 'Petricek', 'Sales Manager', '178-886-1727', 'opetricek2a@canalblog.com');
INSERT INTO Employee (EmployeeID, FirstName, LastName, Position, ContactNumber, Email) VALUES (84, 'Elden', 'Papa', 'Sales Manager', '472-742-9632', 'epapa2b@state.tx.us');
INSERT INTO Employee (EmployeeID, FirstName, LastName, Position, ContactNumber, Email) VALUES (85, 'Elspeth', 'Danigel', 'Sales Manager', '526-401-8302', 'edanigel2c@digg.com');
INSERT INTO Employee (EmployeeID, FirstName, LastName, Position, ContactNumber, Email) VALUES (86, 'Risa', 'Denge', 'Sales Assistant', '987-995-9434', 'rdenge2d@hud.gov');
INSERT INTO Employee (EmployeeID, FirstName, LastName, Position, ContactNumber, Email) VALUES (87, 'Caitrin', 'Plant', 'Sales Assistant', '990-312-0663', 'cplant2e@mediafire.com');
INSERT INTO Employee (EmployeeID, FirstName, LastName, Position, ContactNumber, Email) VALUES (88, 'Conni', 'Barhems', 'Sales Manager', '208-247-6420', 'cbarhems2f@parallels.com');
INSERT INTO Employee (EmployeeID, FirstName, LastName, Position, ContactNumber, Email) VALUES (89, 'Marylee', 'White', 'Sales Manager', '283-824-7030', 'mwhite2g@aboutads.info');
INSERT INTO Employee (EmployeeID, FirstName, LastName, Position, ContactNumber, Email) VALUES (90, 'Isaac', 'Janes', 'Sales Assistant', '688-291-8814', 'ijanes2h@smugmug.com');
INSERT INTO Employee (EmployeeID, FirstName, LastName, Position, ContactNumber, Email) VALUES (91, 'Lizzy', 'Stote', 'Sales Manager', '705-695-0346', 'lstote2i@wisc.edu');
INSERT INTO Employee (EmployeeID, FirstName, LastName, Position, ContactNumber, Email) VALUES (92, 'Gwenneth', 'Adlard', 'Sales Assistant', '119-156-0556', 'gadlard2j@weebly.com');
INSERT INTO Employee (EmployeeID, FirstName, LastName, Position, ContactNumber, Email) VALUES (93, 'Jaimie', 'Jizhaki', 'Sales Manager', '106-215-3086', 'jjizhaki2k@xinhuanet.com');
INSERT INTO Employee (EmployeeID, FirstName, LastName, Position, ContactNumber, Email) VALUES (94, 'Zilvia', 'Lomasny', 'Sales Assistant', '580-780-9246', 'zlomasny2l@home.pl');
INSERT INTO Employee (EmployeeID, FirstName, LastName, Position, ContactNumber, Email) VALUES (95, 'Sheffie', 'Duddle', 'Sales Assistant', '534-547-1685', 'sduddle2m@sohu.com');
INSERT INTO Employee (EmployeeID, FirstName, LastName, Position, ContactNumber, Email) VALUES (96, 'Tania', 'Thickin', 'Sales Manager', '344-405-7024', 'tthickin2n@reference.com');
INSERT INTO Employee (EmployeeID, FirstName, LastName, Position, ContactNumber, Email) VALUES (97, 'Kris', 'Tieman', 'Sales Assistant', '803-314-2872', 'ktieman2o@ehow.com');
INSERT INTO Employee (EmployeeID, FirstName, LastName, Position, ContactNumber, Email) VALUES (98, 'Wendall', 'Foort', 'Sales Assistant', '804-686-2941', 'wfoort2p@nyu.edu');
INSERT INTO Employee (EmployeeID, FirstName, LastName, Position, ContactNumber, Email) VALUES (99, 'Myrtie', 'Campo', 'Sales Assistant', '714-322-1282', 'mcampo2q@vkontakte.ru');
INSERT INTO Employee (EmployeeID, FirstName, LastName, Position, ContactNumber, Email) VALUES (100, 'Taryn', 'Prickett', 'Sales Assistant', '364-390-5021', 'tprickett2r@ebay.com');

-- Table: Product
CREATE TABLE IF NOT EXISTS Product (ProductID INTEGER PRIMARY KEY AUTOINCREMENT NOT NULL UNIQUE, ProductName VARCHAR (13), Brand VARCHAR (12), Model VARCHAR (30), Category VARCHAR (23), Size VARCHAR (2), Color VARCHAR (50), Price NUMERIC (3), SupplierID INT REFERENCES Supplier (SupplierID));
INSERT INTO Product (ProductID, ProductName, Brand, Model, Category, Size, Color, Price, SupplierID) VALUES (1, 'Chelsea Boots', 'Under Armour', 'Reebok Classic Leather', 'Slippers', '10', 'Violet', 500, 1);
INSERT INTO Product (ProductID, ProductName, Brand, Model, Category, Size, Color, Price, SupplierID) VALUES (2, 'Chukka Boots', 'Under Armour', 'Converse Chuck Taylor All-Star', 'Walking Shoes', '6', 'Indigo', 200, 1);
INSERT INTO Product (ProductID, ProductName, Brand, Model, Category, Size, Color, Price, SupplierID) VALUES (3, 'Boat Shoes', 'New Balance', 'Asics Gel-Kayano', 'Dress Shoes', '10', 'Turquoise', 300, 3);
INSERT INTO Product (ProductID, ProductName, Brand, Model, Category, Size, Color, Price, SupplierID) VALUES (4, 'Oxford Shoes', 'Puma', 'Reebok Classic Leather', 'Walking Shoes', '8', 'Fuscia', 500, 4);
INSERT INTO Product (ProductID, ProductName, Brand, Model, Category, Size, Color, Price, SupplierID) VALUES (5, 'Oxford Shoes', 'Jordan', 'Adidas Superstar', 'Boots', '9', 'Yellow', 200, 5);
INSERT INTO Product (ProductID, ProductName, Brand, Model, Category, Size, Color, Price, SupplierID) VALUES (6, 'Oxford', 'New Balance', 'Asics Gel-Kayano', 'Sandals', '12', 'Turquoise', 200, 6);
INSERT INTO Product (ProductID, ProductName, Brand, Model, Category, Size, Color, Price, SupplierID) VALUES (7, 'Oxford Shoes', 'Vans', 'Air Jordan 1', 'Walking Shoes', '10', 'Mauv', 300, 8);
INSERT INTO Product (ProductID, ProductName, Brand, Model, Category, Size, Color, Price, SupplierID) VALUES (8, 'Boat Shoes', 'Converse', 'Reebok Classic Leather', 'Sandals', '13', 'Crimson', 100, 8);
INSERT INTO Product (ProductID, ProductName, Brand, Model, Category, Size, Color, Price, SupplierID) VALUES (9, 'Oxford', 'Puma', 'Puma Suede', 'Running Shoes', '11', 'Mauv', 50, 8);
INSERT INTO Product (ProductID, ProductName, Brand, Model, Category, Size, Color, Price, SupplierID) VALUES (10, 'Loafers', 'New Balance', 'Nike Air Max', 'Sandals', '9', 'Puce', 500, 8);
INSERT INTO Product (ProductID, ProductName, Brand, Model, Category, Size, Color, Price, SupplierID) VALUES (11, 'Chukka Boots', 'Converse', 'Air Jordan 1', 'Slippers', '6', 'Teal', 700, 8);
INSERT INTO Product (ProductID, ProductName, Brand, Model, Category, Size, Color, Price, SupplierID) VALUES (12, 'Boat Shoes', 'Adidas', 'Nike Air Max', 'Walking Shoes', '10', 'Blue', 600, 12);
INSERT INTO Product (ProductID, ProductName, Brand, Model, Category, Size, Color, Price, SupplierID) VALUES (13, 'Derby Shoes', 'New Balance', 'Vans Old Skool', 'Dress Shoes', '12', 'Khaki', 600, 13);
INSERT INTO Product (ProductID, ProductName, Brand, Model, Category, Size, Color, Price, SupplierID) VALUES (14, 'Chukka Boots', 'New Balance', 'Converse Chuck Taylor All-Star', 'Sandals', '7', 'Crimson', 50, 14);
INSERT INTO Product (ProductID, ProductName, Brand, Model, Category, Size, Color, Price, SupplierID) VALUES (15, 'Chukka Boots', 'New Balance', 'New Balance 990', 'Running Shoes', '13', 'Teal', 400, 15);
INSERT INTO Product (ProductID, ProductName, Brand, Model, Category, Size, Color, Price, SupplierID) VALUES (16, 'Boat Shoes', 'Reebok', 'Nike Air Max', 'Slippers', '10', 'Mauv', 50, 16);
INSERT INTO Product (ProductID, ProductName, Brand, Model, Category, Size, Color, Price, SupplierID) VALUES (17, 'Oxford Shoes', 'Jordan', 'Vans Old Skool', 'Casual Shoes', '10', 'Maroon', 50, 17);
INSERT INTO Product (ProductID, ProductName, Brand, Model, Category, Size, Color, Price, SupplierID) VALUES (18, 'Chukka Boots', 'Reebok', 'Asics Gel-Kayano', 'Athletic Shoes/Sneakers', '8', 'Fuscia', 100, 18);
INSERT INTO Product (ProductID, ProductName, Brand, Model, Category, Size, Color, Price, SupplierID) VALUES (19, 'Oxford', 'Puma', 'Asics Gel-Kayano', 'Casual Shoes', '8', 'Pink', 400, 44);
INSERT INTO Product (ProductID, ProductName, Brand, Model, Category, Size, Color, Price, SupplierID) VALUES (20, 'Moccasins', 'Puma', 'Air Jordan 1', 'Athletic Shoes/Sneakers', '6', 'Red', 200, 45);
INSERT INTO Product (ProductID, ProductName, Brand, Model, Category, Size, Color, Price, SupplierID) VALUES (21, 'Moccasins', 'Under Armour', 'Reebok Classic Leather', 'Boots', '13', 'Fuscia', 100, 45);
INSERT INTO Product (ProductID, ProductName, Brand, Model, Category, Size, Color, Price, SupplierID) VALUES (22, 'Chelsea Boots', 'New Balance', 'Vans Old Skool', 'Boots', '13', 'Mauv', 300, 22);
INSERT INTO Product (ProductID, ProductName, Brand, Model, Category, Size, Color, Price, SupplierID) VALUES (23, 'Oxford', 'Puma', 'New Balance 990', 'Athletic Shoes/Sneakers', '9', 'Khaki', 50, 23);
INSERT INTO Product (ProductID, ProductName, Brand, Model, Category, Size, Color, Price, SupplierID) VALUES (24, 'Derby Shoes', 'Puma', 'Asics Gel-Kayano', 'Walking Shoes', '11', 'Yellow', 200, 24);
INSERT INTO Product (ProductID, ProductName, Brand, Model, Category, Size, Color, Price, SupplierID) VALUES (25, 'Chelsea Boots', 'Asics', 'Air Jordan 1', 'Slippers', '10', 'Orange', 50, 25);
INSERT INTO Product (ProductID, ProductName, Brand, Model, Category, Size, Color, Price, SupplierID) VALUES (26, 'Derby Shoes', 'Adidas', 'Puma Suede', 'Running Shoes', '11', 'Blue', 300, 26);
INSERT INTO Product (ProductID, ProductName, Brand, Model, Category, Size, Color, Price, SupplierID) VALUES (27, 'Loafers', 'Nike', 'Puma Suede', 'Casual Shoes', '6', 'Maroon', 50, 27);
INSERT INTO Product (ProductID, ProductName, Brand, Model, Category, Size, Color, Price, SupplierID) VALUES (28, 'Loafers', 'Under Armour', 'Vans Old Skool', 'Walking Shoes', '6', 'Violet', 700, 28);
INSERT INTO Product (ProductID, ProductName, Brand, Model, Category, Size, Color, Price, SupplierID) VALUES (29, 'Oxford', 'Asics', 'Air Jordan 1', 'Boots', '7', 'Turquoise', 300, 29);
INSERT INTO Product (ProductID, ProductName, Brand, Model, Category, Size, Color, Price, SupplierID) VALUES (30, 'Boat Shoes', 'Puma', 'Nike Air Max', 'Running Shoes', '13', 'Fuscia', 600, 30);
INSERT INTO Product (ProductID, ProductName, Brand, Model, Category, Size, Color, Price, SupplierID) VALUES (31, 'Loafers', 'Vans', 'Puma Suede', 'Boots', '12', 'Pink', 700, 31);
INSERT INTO Product (ProductID, ProductName, Brand, Model, Category, Size, Color, Price, SupplierID) VALUES (32, 'Loafers', 'Reebok', 'Nike Air Max', 'Boots', '10', 'Blue', 300, 32);
INSERT INTO Product (ProductID, ProductName, Brand, Model, Category, Size, Color, Price, SupplierID) VALUES (33, 'Loafers', 'Jordan', 'New Balance 990', 'Athletic Shoes/Sneakers', '12', 'Goldenrod', 500, 33);
INSERT INTO Product (ProductID, ProductName, Brand, Model, Category, Size, Color, Price, SupplierID) VALUES (34, 'Chukka Boots', 'New Balance', 'Asics Gel-Kayano', 'Dress Shoes', '12', 'Indigo', 200, 34);
INSERT INTO Product (ProductID, ProductName, Brand, Model, Category, Size, Color, Price, SupplierID) VALUES (35, 'Boat Shoes', 'Puma', 'Converse Chuck Taylor All-Star', 'Dress Shoes', '12', 'Yellow', 200, 35);
INSERT INTO Product (ProductID, ProductName, Brand, Model, Category, Size, Color, Price, SupplierID) VALUES (36, 'Oxford Shoes', 'Adidas', 'Asics Gel-Kayano', 'Boots', '12', 'Turquoise', 300, 36);
INSERT INTO Product (ProductID, ProductName, Brand, Model, Category, Size, Color, Price, SupplierID) VALUES (37, 'Oxford', 'New Balance', 'Adidas Superstar', 'Athletic Shoes/Sneakers', '6', 'Crimson', 300, 37);
INSERT INTO Product (ProductID, ProductName, Brand, Model, Category, Size, Color, Price, SupplierID) VALUES (38, 'Loafers', 'Jordan', 'Adidas Superstar', 'Boots', '6', 'Green', 500, 38);
INSERT INTO Product (ProductID, ProductName, Brand, Model, Category, Size, Color, Price, SupplierID) VALUES (39, 'Derby Shoes', 'Adidas', 'New Balance 990', 'Sandals', '13', 'Puce', 200, 39);
INSERT INTO Product (ProductID, ProductName, Brand, Model, Category, Size, Color, Price, SupplierID) VALUES (40, 'Derby Shoes', 'Under Armour', 'Air Jordan 1', 'Casual Shoes', '10', 'Orange', 100, 40);
INSERT INTO Product (ProductID, ProductName, Brand, Model, Category, Size, Color, Price, SupplierID) VALUES (41, 'Chelsea Boots', 'Converse', 'Asics Gel-Kayano', 'Sandals', '13', 'Puce', 500, 41);
INSERT INTO Product (ProductID, ProductName, Brand, Model, Category, Size, Color, Price, SupplierID) VALUES (42, 'Oxford', 'Nike', 'New Balance 990', 'Boots', '12', 'Green', 100, 42);
INSERT INTO Product (ProductID, ProductName, Brand, Model, Category, Size, Color, Price, SupplierID) VALUES (43, 'Chelsea Boots', 'Puma', 'Asics Gel-Kayano', 'Casual Shoes', '7', 'Turquoise', 600, 43);
INSERT INTO Product (ProductID, ProductName, Brand, Model, Category, Size, Color, Price, SupplierID) VALUES (44, 'Derby Shoes', 'Puma', 'Puma Suede', 'Running Shoes', '10', 'Goldenrod', 300, 44);
INSERT INTO Product (ProductID, ProductName, Brand, Model, Category, Size, Color, Price, SupplierID) VALUES (45, 'Chelsea Boots', 'Asics', 'Air Jordan 1', 'Sandals', '7', 'Green', 500, 45);
INSERT INTO Product (ProductID, ProductName, Brand, Model, Category, Size, Color, Price, SupplierID) VALUES (46, 'Oxford Shoes', 'Adidas', 'Puma Suede', 'Athletic Shoes/Sneakers', '9', 'Goldenrod', 500, 46);
INSERT INTO Product (ProductID, ProductName, Brand, Model, Category, Size, Color, Price, SupplierID) VALUES (47, 'Oxford', 'Jordan', 'Converse Chuck Taylor All-Star', 'Boots', '11', 'Red', 400, 47);
INSERT INTO Product (ProductID, ProductName, Brand, Model, Category, Size, Color, Price, SupplierID) VALUES (48, 'Boat Shoes', 'Asics', 'Reebok Classic Leather', 'Walking Shoes', '6', 'Pink', 200, 48);
INSERT INTO Product (ProductID, ProductName, Brand, Model, Category, Size, Color, Price, SupplierID) VALUES (49, 'Chukka Boots', 'Reebok', 'Vans Old Skool', 'Athletic Shoes/Sneakers', '10', 'Fuscia', 100, 49);
INSERT INTO Product (ProductID, ProductName, Brand, Model, Category, Size, Color, Price, SupplierID) VALUES (50, 'Chukka Boots', 'Nike', 'New Balance 990', 'Athletic Shoes/Sneakers', '9', 'Puce', 400, 50);
INSERT INTO Product (ProductID, ProductName, Brand, Model, Category, Size, Color, Price, SupplierID) VALUES (51, 'Loafers', 'Converse', 'Puma Suede', 'Casual Shoes', '6', 'Khaki', 100, 51);
INSERT INTO Product (ProductID, ProductName, Brand, Model, Category, Size, Color, Price, SupplierID) VALUES (52, 'Oxford Shoes', 'Jordan', 'New Balance 990', 'Slippers', '9', 'Khaki', 50, 52);
INSERT INTO Product (ProductID, ProductName, Brand, Model, Category, Size, Color, Price, SupplierID) VALUES (53, 'Oxford Shoes', 'Vans', 'Asics Gel-Kayano', 'Slippers', '6', 'Aquamarine', 500, 53);
INSERT INTO Product (ProductID, ProductName, Brand, Model, Category, Size, Color, Price, SupplierID) VALUES (54, 'Derby Shoes', 'New Balance', 'New Balance 990', 'Running Shoes', '13', 'Teal', 100, 54);
INSERT INTO Product (ProductID, ProductName, Brand, Model, Category, Size, Color, Price, SupplierID) VALUES (55, 'Oxford', 'Nike', 'Nike Air Max', 'Boots', '7', 'Violet', 700, 55);
INSERT INTO Product (ProductID, ProductName, Brand, Model, Category, Size, Color, Price, SupplierID) VALUES (56, 'Oxford', 'Asics', 'Nike Air Max', 'Sandals', '7', 'Khaki', 50, 56);
INSERT INTO Product (ProductID, ProductName, Brand, Model, Category, Size, Color, Price, SupplierID) VALUES (57, 'Moccasins', 'New Balance', 'Adidas Superstar', 'Athletic Shoes/Sneakers', '12', 'Crimson', 200, 57);
INSERT INTO Product (ProductID, ProductName, Brand, Model, Category, Size, Color, Price, SupplierID) VALUES (58, 'Moccasins', 'Under Armour', 'Asics Gel-Kayano', 'Running Shoes', '11', 'Aquamarine', 400, 58);
INSERT INTO Product (ProductID, ProductName, Brand, Model, Category, Size, Color, Price, SupplierID) VALUES (59, 'Loafers', 'Nike', 'Vans Old Skool', 'Dress Shoes', '13', 'Aquamarine', 500, 59);
INSERT INTO Product (ProductID, ProductName, Brand, Model, Category, Size, Color, Price, SupplierID) VALUES (60, 'Oxford', 'Reebok', 'Vans Old Skool', 'Athletic Shoes/Sneakers', '6', 'Maroon', 50, 60);
INSERT INTO Product (ProductID, ProductName, Brand, Model, Category, Size, Color, Price, SupplierID) VALUES (61, 'Derby Shoes', 'New Balance', 'Asics Gel-Kayano', 'Dress Shoes', '12', 'Turquoise', 50, 61);
INSERT INTO Product (ProductID, ProductName, Brand, Model, Category, Size, Color, Price, SupplierID) VALUES (62, 'Oxford', 'Under Armour', 'Converse Chuck Taylor All-Star', 'Sandals', '7', 'Green', 50, 62);
INSERT INTO Product (ProductID, ProductName, Brand, Model, Category, Size, Color, Price, SupplierID) VALUES (63, 'Oxford Shoes', 'Puma', 'Air Jordan 1', 'Sandals', '7', 'Fuscia', 600, 63);
INSERT INTO Product (ProductID, ProductName, Brand, Model, Category, Size, Color, Price, SupplierID) VALUES (64, 'Chukka Boots', 'Puma', 'Vans Old Skool', 'Casual Shoes', '11', 'Orange', 100, 64);
INSERT INTO Product (ProductID, ProductName, Brand, Model, Category, Size, Color, Price, SupplierID) VALUES (65, 'Derby Shoes', 'Reebok', 'Nike Air Max', 'Dress Shoes', '6', 'Khaki', 400, 65);
INSERT INTO Product (ProductID, ProductName, Brand, Model, Category, Size, Color, Price, SupplierID) VALUES (66, 'Loafers', 'Converse', 'Reebok Classic Leather', 'Slippers', '13', 'Khaki', 100, 66);
INSERT INTO Product (ProductID, ProductName, Brand, Model, Category, Size, Color, Price, SupplierID) VALUES (67, 'Chelsea Boots', 'Jordan', 'Adidas Superstar', 'Dress Shoes', '13', 'Puce', 300, 67);
INSERT INTO Product (ProductID, ProductName, Brand, Model, Category, Size, Color, Price, SupplierID) VALUES (68, 'Oxford Shoes', 'Reebok', 'Adidas Superstar', 'Sandals', '11', 'Teal', 300, 68);
INSERT INTO Product (ProductID, ProductName, Brand, Model, Category, Size, Color, Price, SupplierID) VALUES (69, 'Boat Shoes', 'Asics', 'Puma Suede', 'Dress Shoes', '8', 'Khaki', 700, 69);
INSERT INTO Product (ProductID, ProductName, Brand, Model, Category, Size, Color, Price, SupplierID) VALUES (70, 'Oxford Shoes', 'Asics', 'Reebok Classic Leather', 'Slippers', '6', 'Goldenrod', 200, 70);
INSERT INTO Product (ProductID, ProductName, Brand, Model, Category, Size, Color, Price, SupplierID) VALUES (71, 'Loafers', 'Adidas', 'Asics Gel-Kayano', 'Sandals', '12', 'Blue', 600, 71);
INSERT INTO Product (ProductID, ProductName, Brand, Model, Category, Size, Color, Price, SupplierID) VALUES (72, 'Oxford', 'New Balance', 'Air Jordan 1', 'Boots', '7', 'Yellow', 400, 72);
INSERT INTO Product (ProductID, ProductName, Brand, Model, Category, Size, Color, Price, SupplierID) VALUES (73, 'Chukka Boots', 'Vans', 'Reebok Classic Leather', 'Sandals', '11', 'Pink', 50, 73);
INSERT INTO Product (ProductID, ProductName, Brand, Model, Category, Size, Color, Price, SupplierID) VALUES (74, 'Boat Shoes', 'Nike', 'Vans Old Skool', 'Walking Shoes', '11', 'Red', 300, 74);
INSERT INTO Product (ProductID, ProductName, Brand, Model, Category, Size, Color, Price, SupplierID) VALUES (75, 'Loafers', 'Jordan', 'Adidas Superstar', 'Athletic Shoes/Sneakers', '7', 'Blue', 50, 75);
INSERT INTO Product (ProductID, ProductName, Brand, Model, Category, Size, Color, Price, SupplierID) VALUES (76, 'Chelsea Boots', 'Under Armour', 'Converse Chuck Taylor All-Star', 'Casual Shoes', '11', 'Aquamarine', 500, 76);
INSERT INTO Product (ProductID, ProductName, Brand, Model, Category, Size, Color, Price, SupplierID) VALUES (77, 'Chelsea Boots', 'Converse', 'New Balance 990', 'Running Shoes', '10', 'Purple', 50, 77);
INSERT INTO Product (ProductID, ProductName, Brand, Model, Category, Size, Color, Price, SupplierID) VALUES (78, 'Moccasins', 'Puma', 'Adidas Superstar', 'Slippers', '10', 'Mauv', 600, 78);
INSERT INTO Product (ProductID, ProductName, Brand, Model, Category, Size, Color, Price, SupplierID) VALUES (79, 'Oxford', 'New Balance', 'Puma Suede', 'Casual Shoes', '9', 'Aquamarine', 50, 79);
INSERT INTO Product (ProductID, ProductName, Brand, Model, Category, Size, Color, Price, SupplierID) VALUES (80, 'Loafers', 'Under Armour', 'Converse Chuck Taylor All-Star', 'Walking Shoes', '12', 'Mauv', 300, 80);
INSERT INTO Product (ProductID, ProductName, Brand, Model, Category, Size, Color, Price, SupplierID) VALUES (81, 'Loafers', 'Vans', 'Vans Old Skool', 'Dress Shoes', '9', 'Indigo', 200, 81);
INSERT INTO Product (ProductID, ProductName, Brand, Model, Category, Size, Color, Price, SupplierID) VALUES (82, 'Oxford', 'Asics', 'Asics Gel-Kayano', 'Athletic Shoes/Sneakers', '11', 'Green', 500, 82);
INSERT INTO Product (ProductID, ProductName, Brand, Model, Category, Size, Color, Price, SupplierID) VALUES (83, 'Moccasins', 'Vans', 'Puma Suede', 'Slippers', '13', 'Red', 200, 83);
INSERT INTO Product (ProductID, ProductName, Brand, Model, Category, Size, Color, Price, SupplierID) VALUES (84, 'Derby Shoes', 'Reebok', 'Reebok Classic Leather', 'Athletic Shoes/Sneakers', '6', 'Pink', 500, 84);
INSERT INTO Product (ProductID, ProductName, Brand, Model, Category, Size, Color, Price, SupplierID) VALUES (85, 'Boat Shoes', 'Reebok', 'Puma Suede', 'Dress Shoes', '9', 'Puce', 100, 85);
INSERT INTO Product (ProductID, ProductName, Brand, Model, Category, Size, Color, Price, SupplierID) VALUES (86, 'Moccasins', 'New Balance', 'New Balance 990', 'Slippers', '11', 'Green', 200, 86);
INSERT INTO Product (ProductID, ProductName, Brand, Model, Category, Size, Color, Price, SupplierID) VALUES (87, 'Loafers', 'Puma', 'Asics Gel-Kayano', 'Walking Shoes', '7', 'Puce', 700, 87);
INSERT INTO Product (ProductID, ProductName, Brand, Model, Category, Size, Color, Price, SupplierID) VALUES (88, 'Moccasins', 'Puma', 'Asics Gel-Kayano', 'Walking Shoes', '12', 'Pink', 700, 88);
INSERT INTO Product (ProductID, ProductName, Brand, Model, Category, Size, Color, Price, SupplierID) VALUES (89, 'Boat Shoes', 'New Balance', 'Nike Air Max', 'Boots', '11', 'Turquoise', 100, 89);
INSERT INTO Product (ProductID, ProductName, Brand, Model, Category, Size, Color, Price, SupplierID) VALUES (90, 'Oxford Shoes', 'Adidas', 'Reebok Classic Leather', 'Walking Shoes', '9', 'Fuscia', 500, 90);
INSERT INTO Product (ProductID, ProductName, Brand, Model, Category, Size, Color, Price, SupplierID) VALUES (91, 'Oxford', 'Nike', 'Adidas Superstar', 'Athletic Shoes/Sneakers', '11', 'Maroon', 400, 91);
INSERT INTO Product (ProductID, ProductName, Brand, Model, Category, Size, Color, Price, SupplierID) VALUES (92, 'Moccasins', 'Adidas', 'Converse Chuck Taylor All-Star', 'Athletic Shoes/Sneakers', '10', 'Turquoise', 700, 92);
INSERT INTO Product (ProductID, ProductName, Brand, Model, Category, Size, Color, Price, SupplierID) VALUES (93, 'Chelsea Boots', 'Vans', 'Vans Old Skool', 'Running Shoes', '7', 'Aquamarine', 700, 93);
INSERT INTO Product (ProductID, ProductName, Brand, Model, Category, Size, Color, Price, SupplierID) VALUES (94, 'Moccasins', 'Nike', 'Puma Suede', 'Boots', '10', 'Green', 200, 94);
INSERT INTO Product (ProductID, ProductName, Brand, Model, Category, Size, Color, Price, SupplierID) VALUES (95, 'Chelsea Boots', 'Reebok', 'Air Jordan 1', 'Boots', '13', 'Red', 600, 95);
INSERT INTO Product (ProductID, ProductName, Brand, Model, Category, Size, Color, Price, SupplierID) VALUES (96, 'Oxford Shoes', 'Asics', 'Puma Suede', 'Walking Shoes', '8', 'Goldenrod', 200, 96);
INSERT INTO Product (ProductID, ProductName, Brand, Model, Category, Size, Color, Price, SupplierID) VALUES (97, 'Boat Shoes', 'Asics', 'Nike Air Max', 'Sandals', '12', 'Goldenrod', 700, 97);
INSERT INTO Product (ProductID, ProductName, Brand, Model, Category, Size, Color, Price, SupplierID) VALUES (98, 'Chelsea Boots', 'Jordan', 'Vans Old Skool', 'Walking Shoes', '12', 'Puce', 600, 98);
INSERT INTO Product (ProductID, ProductName, Brand, Model, Category, Size, Color, Price, SupplierID) VALUES (99, 'Moccasins', 'Adidas', 'Reebok Classic Leather', 'Boots', '13', 'Violet', 700, 99);
INSERT INTO Product (ProductID, ProductName, Brand, Model, Category, Size, Color, Price, SupplierID) VALUES (100, 'Oxford', 'Asics', 'Air Jordan 1', 'Walking Shoes', '9', 'Maroon', 100, 100);

-- Table: SalesTransaction
CREATE TABLE IF NOT EXISTS SalesTransaction (TransactionID INTEGER PRIMARY KEY AUTOINCREMENT UNIQUE NOT NULL, CustomerID INT, EmployeeID INT, TransactionDate DATE, TotalAmount VARCHAR (3));
INSERT INTO SalesTransaction (TransactionID, CustomerID, EmployeeID, TransactionDate, TotalAmount) VALUES (1, 1, 1, '2023-08-11', '120');
INSERT INTO SalesTransaction (TransactionID, CustomerID, EmployeeID, TransactionDate, TotalAmount) VALUES (2, 2, 2, '2023-08-27', '1400');
INSERT INTO SalesTransaction (TransactionID, CustomerID, EmployeeID, TransactionDate, TotalAmount) VALUES (3, 3, 3, '2023-04-13', '120');
INSERT INTO SalesTransaction (TransactionID, CustomerID, EmployeeID, TransactionDate, TotalAmount) VALUES (4, 4, 4, '2023-01-11', '1200');
INSERT INTO SalesTransaction (TransactionID, CustomerID, EmployeeID, TransactionDate, TotalAmount) VALUES (5, 5, 5, '2023-05-09', '20');
INSERT INTO SalesTransaction (TransactionID, CustomerID, EmployeeID, TransactionDate, TotalAmount) VALUES (6, 6, 6, '2023-04-17', '100');
INSERT INTO SalesTransaction (TransactionID, CustomerID, EmployeeID, TransactionDate, TotalAmount) VALUES (7, 7, 7, '2023-02-08', '1800');
INSERT INTO SalesTransaction (TransactionID, CustomerID, EmployeeID, TransactionDate, TotalAmount) VALUES (8, 8, 8, '2023-11-05', '90');
INSERT INTO SalesTransaction (TransactionID, CustomerID, EmployeeID, TransactionDate, TotalAmount) VALUES (9, 9, 9, '2023-02-23', '1200');
INSERT INTO SalesTransaction (TransactionID, CustomerID, EmployeeID, TransactionDate, TotalAmount) VALUES (10, 10, 10, '2023-05-29', '600');
INSERT INTO SalesTransaction (TransactionID, CustomerID, EmployeeID, TransactionDate, TotalAmount) VALUES (11, 11, 11, '2023-01-06', '1400');
INSERT INTO SalesTransaction (TransactionID, CustomerID, EmployeeID, TransactionDate, TotalAmount) VALUES (12, 12, 12, '2023-12-27', '60');
INSERT INTO SalesTransaction (TransactionID, CustomerID, EmployeeID, TransactionDate, TotalAmount) VALUES (13, 13, 13, '2023-09-24', '80');
INSERT INTO SalesTransaction (TransactionID, CustomerID, EmployeeID, TransactionDate, TotalAmount) VALUES (14, 14, 14, '2023-04-25', '80');
INSERT INTO SalesTransaction (TransactionID, CustomerID, EmployeeID, TransactionDate, TotalAmount) VALUES (15, 15, 15, '2023-07-25', '1800');
INSERT INTO SalesTransaction (TransactionID, CustomerID, EmployeeID, TransactionDate, TotalAmount) VALUES (16, 16, 16, '2023-05-18', '50');
INSERT INTO SalesTransaction (TransactionID, CustomerID, EmployeeID, TransactionDate, TotalAmount) VALUES (17, 17, 17, '2023-11-14', '40');
INSERT INTO SalesTransaction (TransactionID, CustomerID, EmployeeID, TransactionDate, TotalAmount) VALUES (18, 18, 18, '2023-02-14', '30');
INSERT INTO SalesTransaction (TransactionID, CustomerID, EmployeeID, TransactionDate, TotalAmount) VALUES (19, 19, 19, '2023-05-10', '40');
INSERT INTO SalesTransaction (TransactionID, CustomerID, EmployeeID, TransactionDate, TotalAmount) VALUES (20, 20, 20, '2023-06-04', '100');
INSERT INTO SalesTransaction (TransactionID, CustomerID, EmployeeID, TransactionDate, TotalAmount) VALUES (21, 21, 21, '2023-04-05', '1500');
INSERT INTO SalesTransaction (TransactionID, CustomerID, EmployeeID, TransactionDate, TotalAmount) VALUES (22, 22, 22, '2023-11-15', '600');
INSERT INTO SalesTransaction (TransactionID, CustomerID, EmployeeID, TransactionDate, TotalAmount) VALUES (23, 23, 23, '2023-06-06', '60');
INSERT INTO SalesTransaction (TransactionID, CustomerID, EmployeeID, TransactionDate, TotalAmount) VALUES (24, 24, 24, '2023-09-22', '600');
INSERT INTO SalesTransaction (TransactionID, CustomerID, EmployeeID, TransactionDate, TotalAmount) VALUES (25, 25, 25, '2023-05-08', '1800');
INSERT INTO SalesTransaction (TransactionID, CustomerID, EmployeeID, TransactionDate, TotalAmount) VALUES (26, 26, 26, '2023-08-11', '20');
INSERT INTO SalesTransaction (TransactionID, CustomerID, EmployeeID, TransactionDate, TotalAmount) VALUES (27, 27, 27, '2023-05-19', '700');
INSERT INTO SalesTransaction (TransactionID, CustomerID, EmployeeID, TransactionDate, TotalAmount) VALUES (28, 28, 28, '2023-05-15', '40');
INSERT INTO SalesTransaction (TransactionID, CustomerID, EmployeeID, TransactionDate, TotalAmount) VALUES (29, 29, 29, '2023-12-26', '500');
INSERT INTO SalesTransaction (TransactionID, CustomerID, EmployeeID, TransactionDate, TotalAmount) VALUES (30, 30, 30, '2023-08-29', '700');
INSERT INTO SalesTransaction (TransactionID, CustomerID, EmployeeID, TransactionDate, TotalAmount) VALUES (31, 31, 31, '2023-03-05', '50');
INSERT INTO SalesTransaction (TransactionID, CustomerID, EmployeeID, TransactionDate, TotalAmount) VALUES (32, 32, 32, '2023-01-26', '100');
INSERT INTO SalesTransaction (TransactionID, CustomerID, EmployeeID, TransactionDate, TotalAmount) VALUES (33, 33, 33, '2023-07-29', '30');
INSERT INTO SalesTransaction (TransactionID, CustomerID, EmployeeID, TransactionDate, TotalAmount) VALUES (34, 34, 34, '2023-08-10', '60');
INSERT INTO SalesTransaction (TransactionID, CustomerID, EmployeeID, TransactionDate, TotalAmount) VALUES (35, 35, 35, '2023-02-25', '120');
INSERT INTO SalesTransaction (TransactionID, CustomerID, EmployeeID, TransactionDate, TotalAmount) VALUES (36, 36, 36, '2023-10-22', '60');
INSERT INTO SalesTransaction (TransactionID, CustomerID, EmployeeID, TransactionDate, TotalAmount) VALUES (37, 37, 37, '2023-11-22', '30');
INSERT INTO SalesTransaction (TransactionID, CustomerID, EmployeeID, TransactionDate, TotalAmount) VALUES (38, 38, 38, '2023-07-30', '600');
INSERT INTO SalesTransaction (TransactionID, CustomerID, EmployeeID, TransactionDate, TotalAmount) VALUES (39, 39, 39, '2023-08-26', '20');
INSERT INTO SalesTransaction (TransactionID, CustomerID, EmployeeID, TransactionDate, TotalAmount) VALUES (40, 40, 40, '2023-12-10', '500');
INSERT INTO SalesTransaction (TransactionID, CustomerID, EmployeeID, TransactionDate, TotalAmount) VALUES (41, 41, 41, '2023-09-14', '30');
INSERT INTO SalesTransaction (TransactionID, CustomerID, EmployeeID, TransactionDate, TotalAmount) VALUES (42, 42, 42, '2023-06-22', '1000');
INSERT INTO SalesTransaction (TransactionID, CustomerID, EmployeeID, TransactionDate, TotalAmount) VALUES (43, 43, 43, '2023-03-25', '20');
INSERT INTO SalesTransaction (TransactionID, CustomerID, EmployeeID, TransactionDate, TotalAmount) VALUES (44, 44, 44, '2023-12-27', '40');
INSERT INTO SalesTransaction (TransactionID, CustomerID, EmployeeID, TransactionDate, TotalAmount) VALUES (45, 45, 45, '2023-03-24', '1000');
INSERT INTO SalesTransaction (TransactionID, CustomerID, EmployeeID, TransactionDate, TotalAmount) VALUES (46, 46, 46, '2023-09-26', '60');
INSERT INTO SalesTransaction (TransactionID, CustomerID, EmployeeID, TransactionDate, TotalAmount) VALUES (47, 47, 47, '2023-05-14', '20');
INSERT INTO SalesTransaction (TransactionID, CustomerID, EmployeeID, TransactionDate, TotalAmount) VALUES (48, 48, 48, '2023-05-23', '1500');
INSERT INTO SalesTransaction (TransactionID, CustomerID, EmployeeID, TransactionDate, TotalAmount) VALUES (49, 49, 49, '2023-06-22', '80');
INSERT INTO SalesTransaction (TransactionID, CustomerID, EmployeeID, TransactionDate, TotalAmount) VALUES (50, 50, 50, '2023-01-19', '150');
INSERT INTO SalesTransaction (TransactionID, CustomerID, EmployeeID, TransactionDate, TotalAmount) VALUES (51, 51, 51, '2023-04-09', '1200');
INSERT INTO SalesTransaction (TransactionID, CustomerID, EmployeeID, TransactionDate, TotalAmount) VALUES (52, 52, 52, '2023-08-24', '40');
INSERT INTO SalesTransaction (TransactionID, CustomerID, EmployeeID, TransactionDate, TotalAmount) VALUES (53, 53, 53, '2023-11-07', '1200');
INSERT INTO SalesTransaction (TransactionID, CustomerID, EmployeeID, TransactionDate, TotalAmount) VALUES (54, 54, 54, '2023-12-25', '60');
INSERT INTO SalesTransaction (TransactionID, CustomerID, EmployeeID, TransactionDate, TotalAmount) VALUES (55, 55, 55, '2023-08-27', '1400');
INSERT INTO SalesTransaction (TransactionID, CustomerID, EmployeeID, TransactionDate, TotalAmount) VALUES (56, 56, 56, '2023-05-28', '80');
INSERT INTO SalesTransaction (TransactionID, CustomerID, EmployeeID, TransactionDate, TotalAmount) VALUES (57, 57, 57, '2023-09-22', '1000');
INSERT INTO SalesTransaction (TransactionID, CustomerID, EmployeeID, TransactionDate, TotalAmount) VALUES (58, 58, 58, '2023-09-28', '1800');
INSERT INTO SalesTransaction (TransactionID, CustomerID, EmployeeID, TransactionDate, TotalAmount) VALUES (59, 59, 59, '2023-11-02', '20');
INSERT INTO SalesTransaction (TransactionID, CustomerID, EmployeeID, TransactionDate, TotalAmount) VALUES (60, 60, 60, '2023-01-05', '100');
INSERT INTO SalesTransaction (TransactionID, CustomerID, EmployeeID, TransactionDate, TotalAmount) VALUES (61, 61, 61, '2023-10-31', '50');
INSERT INTO SalesTransaction (TransactionID, CustomerID, EmployeeID, TransactionDate, TotalAmount) VALUES (62, 62, 62, '2023-08-02', '1500');
INSERT INTO SalesTransaction (TransactionID, CustomerID, EmployeeID, TransactionDate, TotalAmount) VALUES (63, 63, 63, '2023-09-24', '20');
INSERT INTO SalesTransaction (TransactionID, CustomerID, EmployeeID, TransactionDate, TotalAmount) VALUES (64, 64, 64, '2023-09-27', '1400');
INSERT INTO SalesTransaction (TransactionID, CustomerID, EmployeeID, TransactionDate, TotalAmount) VALUES (65, 65, 65, '2023-03-08', '40');
INSERT INTO SalesTransaction (TransactionID, CustomerID, EmployeeID, TransactionDate, TotalAmount) VALUES (66, 66, 66, '2023-09-30', '60');
INSERT INTO SalesTransaction (TransactionID, CustomerID, EmployeeID, TransactionDate, TotalAmount) VALUES (67, 67, 67, '2023-12-20', '120');
INSERT INTO SalesTransaction (TransactionID, CustomerID, EmployeeID, TransactionDate, TotalAmount) VALUES (68, 68, 68, '2023-09-12', '80');
INSERT INTO SalesTransaction (TransactionID, CustomerID, EmployeeID, TransactionDate, TotalAmount) VALUES (69, 69, 69, '2023-04-18', '40');
INSERT INTO SalesTransaction (TransactionID, CustomerID, EmployeeID, TransactionDate, TotalAmount) VALUES (70, 70, 70, '2023-11-09', '500');
INSERT INTO SalesTransaction (TransactionID, CustomerID, EmployeeID, TransactionDate, TotalAmount) VALUES (71, 71, 71, '2023-01-18', '60');
INSERT INTO SalesTransaction (TransactionID, CustomerID, EmployeeID, TransactionDate, TotalAmount) VALUES (72, 72, 72, '2023-11-25', '40');
INSERT INTO SalesTransaction (TransactionID, CustomerID, EmployeeID, TransactionDate, TotalAmount) VALUES (73, 73, 73, '2023-04-26', '500');
INSERT INTO SalesTransaction (TransactionID, CustomerID, EmployeeID, TransactionDate, TotalAmount) VALUES (74, 74, 74, '2023-12-25', '30');
INSERT INTO SalesTransaction (TransactionID, CustomerID, EmployeeID, TransactionDate, TotalAmount) VALUES (75, 75, 75, '2023-10-13', '30');
INSERT INTO SalesTransaction (TransactionID, CustomerID, EmployeeID, TransactionDate, TotalAmount) VALUES (76, 76, 76, '2023-08-07', '10');
INSERT INTO SalesTransaction (TransactionID, CustomerID, EmployeeID, TransactionDate, TotalAmount) VALUES (77, 77, 77, '2023-01-24', '700');
INSERT INTO SalesTransaction (TransactionID, CustomerID, EmployeeID, TransactionDate, TotalAmount) VALUES (78, 78, 78, '2023-02-24', '1200');
INSERT INTO SalesTransaction (TransactionID, CustomerID, EmployeeID, TransactionDate, TotalAmount) VALUES (79, 79, 79, '2023-06-05', '1200');
INSERT INTO SalesTransaction (TransactionID, CustomerID, EmployeeID, TransactionDate, TotalAmount) VALUES (80, 80, 80, '2023-03-05', '40');
INSERT INTO SalesTransaction (TransactionID, CustomerID, EmployeeID, TransactionDate, TotalAmount) VALUES (81, 81, 81, '2023-03-05', '80');
INSERT INTO SalesTransaction (TransactionID, CustomerID, EmployeeID, TransactionDate, TotalAmount) VALUES (82, 82, 82, '2023-07-13', '150');
INSERT INTO SalesTransaction (TransactionID, CustomerID, EmployeeID, TransactionDate, TotalAmount) VALUES (83, 83, 83, '2023-09-06', '700');
INSERT INTO SalesTransaction (TransactionID, CustomerID, EmployeeID, TransactionDate, TotalAmount) VALUES (84, 84, 84, '2023-09-18', '150');
INSERT INTO SalesTransaction (TransactionID, CustomerID, EmployeeID, TransactionDate, TotalAmount) VALUES (85, 85, 85, '2023-02-26', '1800');
INSERT INTO SalesTransaction (TransactionID, CustomerID, EmployeeID, TransactionDate, TotalAmount) VALUES (86, 86, 86, '2023-01-02', '20');
INSERT INTO SalesTransaction (TransactionID, CustomerID, EmployeeID, TransactionDate, TotalAmount) VALUES (87, 87, 87, '2023-10-22', '30');
INSERT INTO SalesTransaction (TransactionID, CustomerID, EmployeeID, TransactionDate, TotalAmount) VALUES (88, 88, 88, '2023-12-13', '80');
INSERT INTO SalesTransaction (TransactionID, CustomerID, EmployeeID, TransactionDate, TotalAmount) VALUES (89, 89, 89, '2023-11-17', '1500');
INSERT INTO SalesTransaction (TransactionID, CustomerID, EmployeeID, TransactionDate, TotalAmount) VALUES (90, 90, 90, '2023-07-28', '40');
INSERT INTO SalesTransaction (TransactionID, CustomerID, EmployeeID, TransactionDate, TotalAmount) VALUES (91, 91, 91, '2023-09-28', '10');
INSERT INTO SalesTransaction (TransactionID, CustomerID, EmployeeID, TransactionDate, TotalAmount) VALUES (92, 92, 92, '2023-02-12', '80');
INSERT INTO SalesTransaction (TransactionID, CustomerID, EmployeeID, TransactionDate, TotalAmount) VALUES (93, 93, 93, '2023-03-05', '60');
INSERT INTO SalesTransaction (TransactionID, CustomerID, EmployeeID, TransactionDate, TotalAmount) VALUES (94, 94, 94, '2023-11-09', '1500');
INSERT INTO SalesTransaction (TransactionID, CustomerID, EmployeeID, TransactionDate, TotalAmount) VALUES (95, 95, 95, '2023-09-21', '100');
INSERT INTO SalesTransaction (TransactionID, CustomerID, EmployeeID, TransactionDate, TotalAmount) VALUES (96, 96, 96, '2023-01-18', '150');
INSERT INTO SalesTransaction (TransactionID, CustomerID, EmployeeID, TransactionDate, TotalAmount) VALUES (97, 97, 97, '2023-02-01', '100');
INSERT INTO SalesTransaction (TransactionID, CustomerID, EmployeeID, TransactionDate, TotalAmount) VALUES (98, 98, 98, '2023-09-21', '1200');
INSERT INTO SalesTransaction (TransactionID, CustomerID, EmployeeID, TransactionDate, TotalAmount) VALUES (99, 99, 99, '2023-04-27', '10');
INSERT INTO SalesTransaction (TransactionID, CustomerID, EmployeeID, TransactionDate, TotalAmount) VALUES (100, 100, 100, '2023-07-05', '40');

-- Table: Supplier
CREATE TABLE IF NOT EXISTS `Supplier` (
  `SupplierID` int,
  `SupplierName` varchar(255),
  `ContactPerson` varchar (100),
  `ContactNumber` varchar (20),
  PRIMARY KEY (`SupplierID`)
);
INSERT INTO Supplier (SupplierID, SupplierName, ContactPerson, ContactNumber) VALUES (32, 'Voomm', 'Farrah Chinnick', '243-767-1318');
INSERT INTO Supplier (SupplierID, SupplierName, ContactPerson, ContactNumber) VALUES (33, 'Livefish', 'Aland Witherop', '140-641-2479');
INSERT INTO Supplier (SupplierID, SupplierName, ContactPerson, ContactNumber) VALUES (34, 'Trilith', 'Bradney Blinckhorne', '173-221-8092');
INSERT INTO Supplier (SupplierID, SupplierName, ContactPerson, ContactNumber) VALUES (35, 'Zoomcast', 'Jocelyne Henderson', '861-451-1922');
INSERT INTO Supplier (SupplierID, SupplierName, ContactPerson, ContactNumber) VALUES (36, 'Gabcube', 'Sherwynd Woodeson', '261-124-6945');
INSERT INTO Supplier (SupplierID, SupplierName, ContactPerson, ContactNumber) VALUES (37, 'Skyba', 'Madlin Leteurtre', '119-540-1498');
INSERT INTO Supplier (SupplierID, SupplierName, ContactPerson, ContactNumber) VALUES (38, 'Twimbo', 'Lindsay Landell', '491-798-2323');
INSERT INTO Supplier (SupplierID, SupplierName, ContactPerson, ContactNumber) VALUES (39, 'Brightdog', 'Dulsea Harriskine', '552-650-1387');
INSERT INTO Supplier (SupplierID, SupplierName, ContactPerson, ContactNumber) VALUES (40, 'Browseblab', 'Donn Reeders', '737-560-8906');
INSERT INTO Supplier (SupplierID, SupplierName, ContactPerson, ContactNumber) VALUES (41, 'Babbleopia', 'Paloma Whetnall', '233-465-1693');
INSERT INTO Supplier (SupplierID, SupplierName, ContactPerson, ContactNumber) VALUES (42, 'Skynoodle', 'Lanie Indgs', '422-308-4370');
INSERT INTO Supplier (SupplierID, SupplierName, ContactPerson, ContactNumber) VALUES (43, 'Shuffledrive', 'Kurtis Grzesiak', '798-470-0285');
INSERT INTO Supplier (SupplierID, SupplierName, ContactPerson, ContactNumber) VALUES (44, 'Fivebridge', 'Flem MacFall', '707-663-0887');
INSERT INTO Supplier (SupplierID, SupplierName, ContactPerson, ContactNumber) VALUES (45, 'Twimm', 'Olga McLeod', '254-596-1994');
INSERT INTO Supplier (SupplierID, SupplierName, ContactPerson, ContactNumber) VALUES (46, 'Voonix', 'Salvatore Yitzhok', '404-347-3409');
INSERT INTO Supplier (SupplierID, SupplierName, ContactPerson, ContactNumber) VALUES (47, 'Avaveo', 'Tammie Kobierzycki', '472-293-9317');
INSERT INTO Supplier (SupplierID, SupplierName, ContactPerson, ContactNumber) VALUES (48, 'Realmix', 'Conny Ales0', '204-433-0478');
INSERT INTO Supplier (SupplierID, SupplierName, ContactPerson, ContactNumber) VALUES (49, 'Kazio', 'Emmie Bernardt', '895-405-3063');
INSERT INTO Supplier (SupplierID, SupplierName, ContactPerson, ContactNumber) VALUES (50, 'Browsebug', 'Renell Blackler', '699-105-8162');
INSERT INTO Supplier (SupplierID, SupplierName, ContactPerson, ContactNumber) VALUES (51, 'Yadel', 'Alyce Bultitude', '255-757-7164');
INSERT INTO Supplier (SupplierID, SupplierName, ContactPerson, ContactNumber) VALUES (52, 'Mybuzz', 'Udell Truce', '954-906-9524');
INSERT INTO Supplier (SupplierID, SupplierName, ContactPerson, ContactNumber) VALUES (53, 'Realbuzz', 'Denna Zealey', '308-436-7559');
INSERT INTO Supplier (SupplierID, SupplierName, ContactPerson, ContactNumber) VALUES (54, 'Leenti', 'Devinne Hopkyns', '236-485-3767');
INSERT INTO Supplier (SupplierID, SupplierName, ContactPerson, ContactNumber) VALUES (55, 'Jaxspan', 'Alan Meegin', '537-982-9232');
INSERT INTO Supplier (SupplierID, SupplierName, ContactPerson, ContactNumber) VALUES (56, 'Topdrive', 'Lefty Beaglehole', '296-650-0705');
INSERT INTO Supplier (SupplierID, SupplierName, ContactPerson, ContactNumber) VALUES (57, 'Gigaclub', 'Sax McKeand', '218-731-6807');
INSERT INTO Supplier (SupplierID, SupplierName, ContactPerson, ContactNumber) VALUES (58, 'Gigabox', 'Tobiah Force', '867-645-3933');
INSERT INTO Supplier (SupplierID, SupplierName, ContactPerson, ContactNumber) VALUES (59, 'Twitterwire', 'Celesta Tumilson', '389-754-9495');
INSERT INTO Supplier (SupplierID, SupplierName, ContactPerson, ContactNumber) VALUES (60, 'Cogilith', 'Jo Berrane', '718-530-4644');
INSERT INTO Supplier (SupplierID, SupplierName, ContactPerson, ContactNumber) VALUES (61, 'Zoombeat', 'Neddy Reinbeck', '970-853-0845');
INSERT INTO Supplier (SupplierID, SupplierName, ContactPerson, ContactNumber) VALUES (62, 'Shufflester', 'Sib Matousek', '786-173-7123');
INSERT INTO Supplier (SupplierID, SupplierName, ContactPerson, ContactNumber) VALUES (63, 'Blogpad', 'Bradan Pockey', '598-216-0515');
INSERT INTO Supplier (SupplierID, SupplierName, ContactPerson, ContactNumber) VALUES (64, 'Wordify', 'Wandis Korneichik', '644-478-0146');
INSERT INTO Supplier (SupplierID, SupplierName, ContactPerson, ContactNumber) VALUES (65, 'Browseblab', 'Pietra Alloway', '320-587-9000');
INSERT INTO Supplier (SupplierID, SupplierName, ContactPerson, ContactNumber) VALUES (66, 'Plajo', 'Bridie MacAree', '488-298-0754');
INSERT INTO Supplier (SupplierID, SupplierName, ContactPerson, ContactNumber) VALUES (67, 'Flashspan', 'Doralynn Gow', '465-138-8481');
INSERT INTO Supplier (SupplierID, SupplierName, ContactPerson, ContactNumber) VALUES (68, 'Yakijo', 'Renado Hazard', '984-821-9920');
INSERT INTO Supplier (SupplierID, SupplierName, ContactPerson, ContactNumber) VALUES (69, 'Ooba', 'Candis Hugle', '224-273-3043');
INSERT INTO Supplier (SupplierID, SupplierName, ContactPerson, ContactNumber) VALUES (70, 'Fivebridge', 'Else Lankham', '479-283-9970');
INSERT INTO Supplier (SupplierID, SupplierName, ContactPerson, ContactNumber) VALUES (71, 'Jabbersphere', 'Willow Harriskine', '164-672-5756');
INSERT INTO Supplier (SupplierID, SupplierName, ContactPerson, ContactNumber) VALUES (72, 'Muxo', 'Patrice O''Keeffe', '432-645-8270');
INSERT INTO Supplier (SupplierID, SupplierName, ContactPerson, ContactNumber) VALUES (73, 'Kayveo', 'Carson Forson', '672-860-4132');
INSERT INTO Supplier (SupplierID, SupplierName, ContactPerson, ContactNumber) VALUES (74, 'Quire', 'Jeth Gentile', '521-469-9547');
INSERT INTO Supplier (SupplierID, SupplierName, ContactPerson, ContactNumber) VALUES (75, 'Teklist', 'Granthem Rotge', '973-967-4027');
INSERT INTO Supplier (SupplierID, SupplierName, ContactPerson, ContactNumber) VALUES (76, 'Agivu', 'Gwendolyn Brammall', '780-594-2708');
INSERT INTO Supplier (SupplierID, SupplierName, ContactPerson, ContactNumber) VALUES (77, 'Trilia', 'Gianni O''Carroll', '724-104-2562');
INSERT INTO Supplier (SupplierID, SupplierName, ContactPerson, ContactNumber) VALUES (78, 'Voonder', 'Ugo Succamore', '599-832-2771');
INSERT INTO Supplier (SupplierID, SupplierName, ContactPerson, ContactNumber) VALUES (79, 'Podcat', 'Edi Lehrer', '264-585-5733');
INSERT INTO Supplier (SupplierID, SupplierName, ContactPerson, ContactNumber) VALUES (80, 'Rhycero', 'Juieta Poytress', '862-576-7478');
INSERT INTO Supplier (SupplierID, SupplierName, ContactPerson, ContactNumber) VALUES (81, 'Twitterbeat', 'Ingeberg Warlaw', '840-936-6357');
INSERT INTO Supplier (SupplierID, SupplierName, ContactPerson, ContactNumber) VALUES (82, 'Zoozzy', 'Hermina Sammonds', '722-831-8272');
INSERT INTO Supplier (SupplierID, SupplierName, ContactPerson, ContactNumber) VALUES (83, 'Voonder', 'Britte Tomkinson', '775-254-4406');
INSERT INTO Supplier (SupplierID, SupplierName, ContactPerson, ContactNumber) VALUES (84, 'Realblab', 'Christean Ricoald', '441-739-9806');
INSERT INTO Supplier (SupplierID, SupplierName, ContactPerson, ContactNumber) VALUES (85, 'Leenti', 'Nikita Dandy', '366-995-4712');
INSERT INTO Supplier (SupplierID, SupplierName, ContactPerson, ContactNumber) VALUES (86, 'Roodel', 'Kain Buddock', '331-197-3613');
INSERT INTO Supplier (SupplierID, SupplierName, ContactPerson, ContactNumber) VALUES (87, 'Voolia', 'Kaile Galletly', '708-180-2306');
INSERT INTO Supplier (SupplierID, SupplierName, ContactPerson, ContactNumber) VALUES (88, 'Aimbu', 'Maris Escreet', '119-804-1607');
INSERT INTO Supplier (SupplierID, SupplierName, ContactPerson, ContactNumber) VALUES (89, 'Gigashots', 'Lynn Matyushonok', '871-557-9249');
INSERT INTO Supplier (SupplierID, SupplierName, ContactPerson, ContactNumber) VALUES (90, 'Jaxspan', 'Feliks Treleaven', '286-350-2609');
INSERT INTO Supplier (SupplierID, SupplierName, ContactPerson, ContactNumber) VALUES (91, 'Chatterpoint', 'Tabbitha Fewings', '927-115-2647');
INSERT INTO Supplier (SupplierID, SupplierName, ContactPerson, ContactNumber) VALUES (92, 'Yotz', 'Royal Pennick', '656-984-9376');
INSERT INTO Supplier (SupplierID, SupplierName, ContactPerson, ContactNumber) VALUES (93, 'Meejo', 'Aldwin McGarrity', '794-254-0536');
INSERT INTO Supplier (SupplierID, SupplierName, ContactPerson, ContactNumber) VALUES (94, 'Edgewire', 'Cross Bolstridge', '716-493-3920');
INSERT INTO Supplier (SupplierID, SupplierName, ContactPerson, ContactNumber) VALUES (95, 'Skimia', 'Alfonse Sandford', '338-295-7792');
INSERT INTO Supplier (SupplierID, SupplierName, ContactPerson, ContactNumber) VALUES (96, 'Dynabox', 'Edsel Barr', '238-337-7870');
INSERT INTO Supplier (SupplierID, SupplierName, ContactPerson, ContactNumber) VALUES (97, 'Rhynyx', 'Halley McKeighan', '115-800-7311');
INSERT INTO Supplier (SupplierID, SupplierName, ContactPerson, ContactNumber) VALUES (98, 'Quimm', 'Phyllida McKinna', '583-355-6287');
INSERT INTO Supplier (SupplierID, SupplierName, ContactPerson, ContactNumber) VALUES (99, 'Innojam', 'Nye Marshal', '250-761-4341');
INSERT INTO Supplier (SupplierID, SupplierName, ContactPerson, ContactNumber) VALUES (100, 'Youspan', 'Orelee Petyt', '437-291-5673');
INSERT INTO Supplier (SupplierID, SupplierName, ContactPerson, ContactNumber) VALUES (1, 'Quimm', 'Ban Gordon-Giles', '215-739-0836');
INSERT INTO Supplier (SupplierID, SupplierName, ContactPerson, ContactNumber) VALUES (2, 'Yambee', 'Cynde Catford', '489-898-1221');
INSERT INTO Supplier (SupplierID, SupplierName, ContactPerson, ContactNumber) VALUES (3, 'Izio', 'Kare Petrolli', '257-176-3045');
INSERT INTO Supplier (SupplierID, SupplierName, ContactPerson, ContactNumber) VALUES (4, 'Zoomlounge', 'Warde Chomicz', '723-182-0484');
INSERT INTO Supplier (SupplierID, SupplierName, ContactPerson, ContactNumber) VALUES (5, 'Aivee', 'Rolfe Gunthorpe', '148-894-4607');
INSERT INTO Supplier (SupplierID, SupplierName, ContactPerson, ContactNumber) VALUES (6, 'Voonder', 'Nickolaus Desquesnes', '529-736-6814');
INSERT INTO Supplier (SupplierID, SupplierName, ContactPerson, ContactNumber) VALUES (7, 'Babbleopia', 'Corinna Adin', '706-793-5057');
INSERT INTO Supplier (SupplierID, SupplierName, ContactPerson, ContactNumber) VALUES (8, 'Skajo', 'Bondie Hambribe', '518-925-9895');
INSERT INTO Supplier (SupplierID, SupplierName, ContactPerson, ContactNumber) VALUES (9, 'Realcube', 'Linnell Somerlie', '401-746-3191');
INSERT INTO Supplier (SupplierID, SupplierName, ContactPerson, ContactNumber) VALUES (10, 'Eidel', 'Salim Sawart', '568-612-4679');
INSERT INTO Supplier (SupplierID, SupplierName, ContactPerson, ContactNumber) VALUES (11, 'Demizz', 'Dianemarie Scaice', '975-278-0643');
INSERT INTO Supplier (SupplierID, SupplierName, ContactPerson, ContactNumber) VALUES (12, 'Fanoodle', 'Frannie Curnow', '708-409-5353');
INSERT INTO Supplier (SupplierID, SupplierName, ContactPerson, ContactNumber) VALUES (13, 'Eadel', 'Heinrik Twiname', '844-268-6239');
INSERT INTO Supplier (SupplierID, SupplierName, ContactPerson, ContactNumber) VALUES (14, 'Devcast', 'Rina Defond', '201-680-8868');
INSERT INTO Supplier (SupplierID, SupplierName, ContactPerson, ContactNumber) VALUES (15, 'Fivespan', 'Rebbecca Fishbourn', '885-194-7821');
INSERT INTO Supplier (SupplierID, SupplierName, ContactPerson, ContactNumber) VALUES (16, 'Devshare', 'Fiann Bugdall', '171-138-0332');
INSERT INTO Supplier (SupplierID, SupplierName, ContactPerson, ContactNumber) VALUES (17, 'Thoughtworks', 'Lisbeth Kopisch', '331-380-8687');
INSERT INTO Supplier (SupplierID, SupplierName, ContactPerson, ContactNumber) VALUES (18, 'Ntag', 'Konstance Pegg', '339-973-9282');
INSERT INTO Supplier (SupplierID, SupplierName, ContactPerson, ContactNumber) VALUES (19, 'Yambee', 'Eli Genty', '200-958-7601');
INSERT INTO Supplier (SupplierID, SupplierName, ContactPerson, ContactNumber) VALUES (20, 'Jaxworks', 'Tobin Snow', '893-708-9905');
INSERT INTO Supplier (SupplierID, SupplierName, ContactPerson, ContactNumber) VALUES (21, 'Zoonoodle', 'Agosto Endrighi', '554-212-1807');
INSERT INTO Supplier (SupplierID, SupplierName, ContactPerson, ContactNumber) VALUES (22, 'Thoughtstorm', 'Rasla Boyfield', '413-372-5299');
INSERT INTO Supplier (SupplierID, SupplierName, ContactPerson, ContactNumber) VALUES (23, 'Twimm', 'Kirstyn Rennard', '106-789-8727');
INSERT INTO Supplier (SupplierID, SupplierName, ContactPerson, ContactNumber) VALUES (24, 'Tanoodle', 'Ive Krzysztofiak', '724-206-8783');
INSERT INTO Supplier (SupplierID, SupplierName, ContactPerson, ContactNumber) VALUES (25, 'Trunyx', 'Jaymee Barenskie', '708-675-8410');
INSERT INTO Supplier (SupplierID, SupplierName, ContactPerson, ContactNumber) VALUES (26, 'Leenti', 'Hendrika Santus', '246-839-1122');
INSERT INTO Supplier (SupplierID, SupplierName, ContactPerson, ContactNumber) VALUES (27, 'Vinder', 'Ange Desaur', '891-702-3721');
INSERT INTO Supplier (SupplierID, SupplierName, ContactPerson, ContactNumber) VALUES (28, 'Zoonoodle', 'Kristine Nussey', '523-965-8670');
INSERT INTO Supplier (SupplierID, SupplierName, ContactPerson, ContactNumber) VALUES (29, 'Linktype', 'Jeanine Boat', '153-887-3215');
INSERT INTO Supplier (SupplierID, SupplierName, ContactPerson, ContactNumber) VALUES (30, 'Skyvu', 'Devan Pennington', '347-860-5664');
INSERT INTO Supplier (SupplierID, SupplierName, ContactPerson, ContactNumber) VALUES (31, 'Vinte', 'Tedda Tremellier', '431-931-0345');

-- Table: TransactionDetail
CREATE TABLE IF NOT EXISTS TransactionDetail (TransactionDetailID int, TransactionID int REFERENCES SalesTransaction (TransactionID), ProductID int, Quantity int, Subtotal decimal (10, 2), PRIMARY KEY (TransactionDetailID));
INSERT INTO TransactionDetail (TransactionDetailID, TransactionID, ProductID, Quantity, Subtotal) VALUES (1, 1, 1, 3, 40);
INSERT INTO TransactionDetail (TransactionDetailID, TransactionID, ProductID, Quantity, Subtotal) VALUES (2, 2, 2, 2, 700);
INSERT INTO TransactionDetail (TransactionDetailID, TransactionID, ProductID, Quantity, Subtotal) VALUES (3, 3, 3, 3, 40);
INSERT INTO TransactionDetail (TransactionDetailID, TransactionID, ProductID, Quantity, Subtotal) VALUES (4, 4, 4, 2, 600);
INSERT INTO TransactionDetail (TransactionDetailID, TransactionID, ProductID, Quantity, Subtotal) VALUES (5, 5, 5, 1, 20);
INSERT INTO TransactionDetail (TransactionDetailID, TransactionID, ProductID, Quantity, Subtotal) VALUES (6, 6, 6, 2, 50);
INSERT INTO TransactionDetail (TransactionDetailID, TransactionID, ProductID, Quantity, Subtotal) VALUES (7, 7, 7, 3, 600);
INSERT INTO TransactionDetail (TransactionDetailID, TransactionID, ProductID, Quantity, Subtotal) VALUES (8, 8, 8, 3, 30);
INSERT INTO TransactionDetail (TransactionDetailID, TransactionID, ProductID, Quantity, Subtotal) VALUES (9, 9, 9, 2, 600);
INSERT INTO TransactionDetail (TransactionDetailID, TransactionID, ProductID, Quantity, Subtotal) VALUES (10, 10, 10, 1, 600);
INSERT INTO TransactionDetail (TransactionDetailID, TransactionID, ProductID, Quantity, Subtotal) VALUES (11, 11, 11, 2, 700);
INSERT INTO TransactionDetail (TransactionDetailID, TransactionID, ProductID, Quantity, Subtotal) VALUES (12, 12, 12, 2, 30);
INSERT INTO TransactionDetail (TransactionDetailID, TransactionID, ProductID, Quantity, Subtotal) VALUES (13, 13, 13, 2, 40);
INSERT INTO TransactionDetail (TransactionDetailID, TransactionID, ProductID, Quantity, Subtotal) VALUES (14, 14, 14, 2, 40);
INSERT INTO TransactionDetail (TransactionDetailID, TransactionID, ProductID, Quantity, Subtotal) VALUES (15, 15, 15, 3, 600);
INSERT INTO TransactionDetail (TransactionDetailID, TransactionID, ProductID, Quantity, Subtotal) VALUES (16, 16, 16, 1, 50);
INSERT INTO TransactionDetail (TransactionDetailID, TransactionID, ProductID, Quantity, Subtotal) VALUES (17, 17, 17, 2, 20);
INSERT INTO TransactionDetail (TransactionDetailID, TransactionID, ProductID, Quantity, Subtotal) VALUES (18, 18, 18, 3, 10);
INSERT INTO TransactionDetail (TransactionDetailID, TransactionID, ProductID, Quantity, Subtotal) VALUES (19, 19, 19, 2, 20);
INSERT INTO TransactionDetail (TransactionDetailID, TransactionID, ProductID, Quantity, Subtotal) VALUES (20, 20, 20, 2, 50);
INSERT INTO TransactionDetail (TransactionDetailID, TransactionID, ProductID, Quantity, Subtotal) VALUES (21, 21, 21, 3, 500);
INSERT INTO TransactionDetail (TransactionDetailID, TransactionID, ProductID, Quantity, Subtotal) VALUES (22, 22, 22, 1, 600);
INSERT INTO TransactionDetail (TransactionDetailID, TransactionID, ProductID, Quantity, Subtotal) VALUES (23, 23, 23, 3, 20);
INSERT INTO TransactionDetail (TransactionDetailID, TransactionID, ProductID, Quantity, Subtotal) VALUES (24, 24, 24, 1, 600);
INSERT INTO TransactionDetail (TransactionDetailID, TransactionID, ProductID, Quantity, Subtotal) VALUES (25, 25, 25, 3, 600);
INSERT INTO TransactionDetail (TransactionDetailID, TransactionID, ProductID, Quantity, Subtotal) VALUES (26, 26, 26, 1, 20);
INSERT INTO TransactionDetail (TransactionDetailID, TransactionID, ProductID, Quantity, Subtotal) VALUES (27, 27, 27, 1, 700);
INSERT INTO TransactionDetail (TransactionDetailID, TransactionID, ProductID, Quantity, Subtotal) VALUES (28, 28, 28, 1, 40);
INSERT INTO TransactionDetail (TransactionDetailID, TransactionID, ProductID, Quantity, Subtotal) VALUES (29, 29, 29, 1, 500);
INSERT INTO TransactionDetail (TransactionDetailID, TransactionID, ProductID, Quantity, Subtotal) VALUES (30, 30, 30, 1, 700);
INSERT INTO TransactionDetail (TransactionDetailID, TransactionID, ProductID, Quantity, Subtotal) VALUES (31, 31, 31, 1, 50);
INSERT INTO TransactionDetail (TransactionDetailID, TransactionID, ProductID, Quantity, Subtotal) VALUES (32, 32, 32, 2, 50);
INSERT INTO TransactionDetail (TransactionDetailID, TransactionID, ProductID, Quantity, Subtotal) VALUES (33, 33, 33, 3, 10);
INSERT INTO TransactionDetail (TransactionDetailID, TransactionID, ProductID, Quantity, Subtotal) VALUES (34, 34, 34, 2, 30);
INSERT INTO TransactionDetail (TransactionDetailID, TransactionID, ProductID, Quantity, Subtotal) VALUES (35, 35, 35, 3, 40);
INSERT INTO TransactionDetail (TransactionDetailID, TransactionID, ProductID, Quantity, Subtotal) VALUES (36, 36, 36, 2, 30);
INSERT INTO TransactionDetail (TransactionDetailID, TransactionID, ProductID, Quantity, Subtotal) VALUES (37, 37, 37, 3, 10);
INSERT INTO TransactionDetail (TransactionDetailID, TransactionID, ProductID, Quantity, Subtotal) VALUES (38, 38, 38, 1, 600);
INSERT INTO TransactionDetail (TransactionDetailID, TransactionID, ProductID, Quantity, Subtotal) VALUES (39, 39, 39, 1, 20);
INSERT INTO TransactionDetail (TransactionDetailID, TransactionID, ProductID, Quantity, Subtotal) VALUES (40, 40, 40, 1, 500);
INSERT INTO TransactionDetail (TransactionDetailID, TransactionID, ProductID, Quantity, Subtotal) VALUES (41, 41, 41, 1, 30);
INSERT INTO TransactionDetail (TransactionDetailID, TransactionID, ProductID, Quantity, Subtotal) VALUES (42, 42, 42, 2, 500);
INSERT INTO TransactionDetail (TransactionDetailID, TransactionID, ProductID, Quantity, Subtotal) VALUES (43, 43, 43, 1, 20);
INSERT INTO TransactionDetail (TransactionDetailID, TransactionID, ProductID, Quantity, Subtotal) VALUES (44, 44, 44, 1, 40);
INSERT INTO TransactionDetail (TransactionDetailID, TransactionID, ProductID, Quantity, Subtotal) VALUES (45, 45, 45, 2, 500);
INSERT INTO TransactionDetail (TransactionDetailID, TransactionID, ProductID, Quantity, Subtotal) VALUES (46, 46, 46, 3, 20);
INSERT INTO TransactionDetail (TransactionDetailID, TransactionID, ProductID, Quantity, Subtotal) VALUES (47, 47, 47, 2, 10);
INSERT INTO TransactionDetail (TransactionDetailID, TransactionID, ProductID, Quantity, Subtotal) VALUES (48, 48, 48, 3, 500);
INSERT INTO TransactionDetail (TransactionDetailID, TransactionID, ProductID, Quantity, Subtotal) VALUES (49, 49, 49, 2, 40);
INSERT INTO TransactionDetail (TransactionDetailID, TransactionID, ProductID, Quantity, Subtotal) VALUES (50, 50, 50, 3, 50);
INSERT INTO TransactionDetail (TransactionDetailID, TransactionID, ProductID, Quantity, Subtotal) VALUES (51, 51, 51, 2, 600);
INSERT INTO TransactionDetail (TransactionDetailID, TransactionID, ProductID, Quantity, Subtotal) VALUES (52, 52, 52, 2, 20);
INSERT INTO TransactionDetail (TransactionDetailID, TransactionID, ProductID, Quantity, Subtotal) VALUES (53, 53, 53, 2, 600);
INSERT INTO TransactionDetail (TransactionDetailID, TransactionID, ProductID, Quantity, Subtotal) VALUES (54, 54, 54, 3, 20);
INSERT INTO TransactionDetail (TransactionDetailID, TransactionID, ProductID, Quantity, Subtotal) VALUES (55, 55, 55, 2, 700);
INSERT INTO TransactionDetail (TransactionDetailID, TransactionID, ProductID, Quantity, Subtotal) VALUES (56, 56, 56, 2, 40);
INSERT INTO TransactionDetail (TransactionDetailID, TransactionID, ProductID, Quantity, Subtotal) VALUES (57, 57, 57, 2, 500);
INSERT INTO TransactionDetail (TransactionDetailID, TransactionID, ProductID, Quantity, Subtotal) VALUES (58, 58, 58, 3, 600);
INSERT INTO TransactionDetail (TransactionDetailID, TransactionID, ProductID, Quantity, Subtotal) VALUES (59, 59, 59, 1, 20);
INSERT INTO TransactionDetail (TransactionDetailID, TransactionID, ProductID, Quantity, Subtotal) VALUES (60, 60, 60, 2, 50);
INSERT INTO TransactionDetail (TransactionDetailID, TransactionID, ProductID, Quantity, Subtotal) VALUES (61, 61, 61, 1, 50);
INSERT INTO TransactionDetail (TransactionDetailID, TransactionID, ProductID, Quantity, Subtotal) VALUES (62, 62, 62, 3, 500);
INSERT INTO TransactionDetail (TransactionDetailID, TransactionID, ProductID, Quantity, Subtotal) VALUES (63, 63, 63, 1, 20);
INSERT INTO TransactionDetail (TransactionDetailID, TransactionID, ProductID, Quantity, Subtotal) VALUES (64, 64, 64, 2, 700);
INSERT INTO TransactionDetail (TransactionDetailID, TransactionID, ProductID, Quantity, Subtotal) VALUES (65, 65, 65, 1, 40);
INSERT INTO TransactionDetail (TransactionDetailID, TransactionID, ProductID, Quantity, Subtotal) VALUES (66, 66, 66, 2, 30);
INSERT INTO TransactionDetail (TransactionDetailID, TransactionID, ProductID, Quantity, Subtotal) VALUES (67, 67, 67, 3, 40);
INSERT INTO TransactionDetail (TransactionDetailID, TransactionID, ProductID, Quantity, Subtotal) VALUES (68, 68, 68, 2, 40);
INSERT INTO TransactionDetail (TransactionDetailID, TransactionID, ProductID, Quantity, Subtotal) VALUES (69, 69, 69, 2, 20);
INSERT INTO TransactionDetail (TransactionDetailID, TransactionID, ProductID, Quantity, Subtotal) VALUES (70, 70, 70, 1, 500);
INSERT INTO TransactionDetail (TransactionDetailID, TransactionID, ProductID, Quantity, Subtotal) VALUES (71, 71, 71, 2, 30);
INSERT INTO TransactionDetail (TransactionDetailID, TransactionID, ProductID, Quantity, Subtotal) VALUES (72, 72, 72, 2, 20);
INSERT INTO TransactionDetail (TransactionDetailID, TransactionID, ProductID, Quantity, Subtotal) VALUES (73, 73, 73, 1, 500);
INSERT INTO TransactionDetail (TransactionDetailID, TransactionID, ProductID, Quantity, Subtotal) VALUES (74, 74, 74, 1, 30);
INSERT INTO TransactionDetail (TransactionDetailID, TransactionID, ProductID, Quantity, Subtotal) VALUES (75, 75, 75, 3, 10);
INSERT INTO TransactionDetail (TransactionDetailID, TransactionID, ProductID, Quantity, Subtotal) VALUES (76, 76, 76, 1, 10);
INSERT INTO TransactionDetail (TransactionDetailID, TransactionID, ProductID, Quantity, Subtotal) VALUES (77, 77, 77, 1, 700);
INSERT INTO TransactionDetail (TransactionDetailID, TransactionID, ProductID, Quantity, Subtotal) VALUES (78, 78, 78, 2, 600);
INSERT INTO TransactionDetail (TransactionDetailID, TransactionID, ProductID, Quantity, Subtotal) VALUES (79, 79, 79, 2, 600);
INSERT INTO TransactionDetail (TransactionDetailID, TransactionID, ProductID, Quantity, Subtotal) VALUES (80, 80, 80, 2, 20);
INSERT INTO TransactionDetail (TransactionDetailID, TransactionID, ProductID, Quantity, Subtotal) VALUES (81, 81, 81, 2, 40);
INSERT INTO TransactionDetail (TransactionDetailID, TransactionID, ProductID, Quantity, Subtotal) VALUES (82, 82, 82, 3, 50);
INSERT INTO TransactionDetail (TransactionDetailID, TransactionID, ProductID, Quantity, Subtotal) VALUES (83, 83, 83, 1, 700);
INSERT INTO TransactionDetail (TransactionDetailID, TransactionID, ProductID, Quantity, Subtotal) VALUES (84, 84, 84, 3, 50);
INSERT INTO TransactionDetail (TransactionDetailID, TransactionID, ProductID, Quantity, Subtotal) VALUES (85, 85, 85, 3, 600);
INSERT INTO TransactionDetail (TransactionDetailID, TransactionID, ProductID, Quantity, Subtotal) VALUES (86, 86, 86, 1, 20);
INSERT INTO TransactionDetail (TransactionDetailID, TransactionID, ProductID, Quantity, Subtotal) VALUES (87, 87, 87, 3, 10);
INSERT INTO TransactionDetail (TransactionDetailID, TransactionID, ProductID, Quantity, Subtotal) VALUES (88, 88, 88, 2, 40);
INSERT INTO TransactionDetail (TransactionDetailID, TransactionID, ProductID, Quantity, Subtotal) VALUES (89, 89, 89, 3, 500);
INSERT INTO TransactionDetail (TransactionDetailID, TransactionID, ProductID, Quantity, Subtotal) VALUES (90, 90, 90, 2, 20);
INSERT INTO TransactionDetail (TransactionDetailID, TransactionID, ProductID, Quantity, Subtotal) VALUES (91, 91, 91, 1, 10);
INSERT INTO TransactionDetail (TransactionDetailID, TransactionID, ProductID, Quantity, Subtotal) VALUES (92, 92, 92, 2, 40);
INSERT INTO TransactionDetail (TransactionDetailID, TransactionID, ProductID, Quantity, Subtotal) VALUES (93, 93, 93, 3, 20);
INSERT INTO TransactionDetail (TransactionDetailID, TransactionID, ProductID, Quantity, Subtotal) VALUES (94, 94, 94, 3, 500);
INSERT INTO TransactionDetail (TransactionDetailID, TransactionID, ProductID, Quantity, Subtotal) VALUES (95, 95, 95, 2, 50);
INSERT INTO TransactionDetail (TransactionDetailID, TransactionID, ProductID, Quantity, Subtotal) VALUES (96, 96, 96, 3, 50);
INSERT INTO TransactionDetail (TransactionDetailID, TransactionID, ProductID, Quantity, Subtotal) VALUES (97, 97, 97, 2, 50);
INSERT INTO TransactionDetail (TransactionDetailID, TransactionID, ProductID, Quantity, Subtotal) VALUES (98, 98, 98, 2, 600);
INSERT INTO TransactionDetail (TransactionDetailID, TransactionID, ProductID, Quantity, Subtotal) VALUES (99, 99, 99, 1, 10);
INSERT INTO TransactionDetail (TransactionDetailID, TransactionID, ProductID, Quantity, Subtotal) VALUES (100, 100, 100, 1, 40);

COMMIT TRANSACTION;
PRAGMA foreign_keys = on;
